101935414	WIKI:EN:Kyle_Lohse
101935414	WIKI:EN:Gilles_Peterson
101935414	WIKI:EN:Kevin_Davies
101935414	WIKI:EN:Bonnie_Bernstein
101935414	WIKI:EN:Shinichi_Osawa
101935414	WIKI:EN:Peter_Barakan
103461258	WIKI:EN:Mix_Up
103461258	WIKI:EN:Lady_Gaga
103461258	WIKI:EN:OCESA_Seitrack
103461258	WIKI:EN:Marcel_Hirscher
103461258	WIKI:EN:Bizzy_Bone
103461258	WIKI:EN:Ian_Waite
101684764	WIKI:EN:Jennifer_Lopez
101684764	WIKI:EN:Julian_Assange
101684764	WIKI:EN:ITV_News_Anglia
101684764	WIKI:EN:Maxene_Magalona
101684764	WIKI:EN:Ryan_Seacrest
101684764	WIKI:EN:Heather_Headley
105320169	WIKI:EN:Alan_Zweibel
105320169	WIKI:EN:Ethan_Suplee
105320169	WIKI:EN:TransMilenio
105320169	WIKI:EN:Citytv_Bogot�
105320169	WIKI:EN:NOFX
105320169	WIKI:EN:El_Espectador
105150125	WIKI:EN:The_Changcuters
105150125	WIKI:EN:YouTube
105150125	WIKI:EN:Tony_Todd
105150125	WIKI:EN:Jonny_McGovern
105150125	WIKI:EN:Radioshow
105150125	WIKI:EN:Wayne_Brady
100618369	WIKI:EN:E3
100618369	WIKI:EN:Club_Nintendo
100618369	WIKI:EN:Cut_Memey
100618369	WIKI:EN:Leela_James
100618369	WIKI:EN:Lea_Michele
100618369	WIKI:EN:Sam_Champion
105567943	WIKI:EN:Tony_Rock
105567943	WIKI:EN:Volaris
105567943	WIKI:EN:Jim_Himes
105567943	WIKI:EN:Muy_Interesante
105567943	WIKI:EN:Holly_Weston
105567943	WIKI:EN:Milenio
104239528	WIKI:EN:Peter_Diamandis
104239528	WIKI:EN:Lovato
104239528	WIKI:EN:Jonathan_Meeks
104239528	WIKI:EN:Luciano_Ligabue
104239528	WIKI:EN:Ivan_Basso
104239528	WIKI:EN:Sabina_Guzzanti
105143827	WIKI:EN:William_Shatner
105143827	WIKI:EN:Jornal_Hoje
105143827	WIKI:EN:Carey_Hart
105143827	WIKI:EN:Tu_cara_me_suena
105143827	WIKI:EN:Steve_Jackson_Games
105143827	WIKI:EN:Allison_Melnick
1057516135	WIKI:EN:Susie_Cagle
1057516135	WIKI:EN:Kenny_Wayne_Shepherd
1057516135	WIKI:EN:Boyce_Avenue
1057516135	WIKI:EN:The_Beatles
1057516135	WIKI:EN:Red_Hot_Chili_Peppers
1057516135	WIKI:EN:Sean_St_Ledger
101948722	WIKI:EN:Jake_Wood
101948722	WIKI:EN:Tarja_Turunen
101948722	WIKI:EN:Hayden_Moss
101948722	WIKI:EN:Chris_Cornell
101948722	WIKI:EN:Supriya_Sule
101948722	WIKI:EN:Perttu_Kivilaakso
105553307	WIKI:EN:Jared_Cohen
105553307	WIKI:EN:Lee_Unkrich
105553307	WIKI:EN:Soleil_Moon_Frye
105553307	WIKI:EN:Max_Lugavere
105553307	WIKI:EN:Christy_Clark
105553307	WIKI:EN:Darren_Criss
1058041224	WIKI:EN:The_Weeknd
1058041224	WIKI:EN:The_Herald_(Plymouth)
1058041224	WIKI:EN:Binyamin_Appelbaum
1058041224	WIKI:EN:Kourtney_Kardashian
1058041224	WIKI:EN:Rihanna
1058041224	WIKI:EN:Rodrigo_Pacheco
1018670268	WIKI:EN:Barack_Obama
1018670268	WIKI:EN:Andrew_Dalton
1018670268	WIKI:EN:Lina
1018670268	WIKI:EN:Michelle_Obama
1018670268	WIKI:EN:Ellen_DeGeneres
1018670268	WIKI:EN:Matthew_Barnes-Homer
10569722	WIKI:EN:John_Lavan
10569722	WIKI:EN:Peter_Somerville
10569722	WIKI:EN:Tim_Pawlenty
10569722	WIKI:EN:Travis_Frederick
10569722	WIKI:EN:James_Coe
10569722	WIKI:EN:Tom_Upton
104265805	WIKI:EN:Tribe_Records
104265805	WIKI:EN:Chris_Watson
104265805	WIKI:EN:Los_Angeles_Sparks
104265805	WIKI:EN:Ben_Myers
104265805	WIKI:EN:Kim_Richards
104265805	WIKI:EN:StockTwits
103232008	WIKI:EN:Sophie
103232008	WIKI:EN:Matt_Lauer
103232008	WIKI:EN:Rock_the_Bells
103232008	WIKI:EN:Rock_Werchter
103232008	WIKI:EN:Studio_Brussel
103232008	WIKI:EN:Coldplay
104431004	WIKI:EN:Damien_Rice
104431004	WIKI:EN:Berto_Romero
104431004	WIKI:EN:Chris_Boswell
104431004	WIKI:EN:Miki_Nadal
104431004	WIKI:EN:La_Terra
104431004	WIKI:EN:The_Beatles
1025469163	WIKI:EN:World_Music_Awards
1025469163	WIKI:EN:Sundance_Film_Festival
1025469163	WIKI:EN:YouTube
1025469163	WIKI:EN:Bitch_Please
1025469163	WIKI:EN:Chris_Hecker
1025469163	WIKI:EN:Rolling_Stone
1040719962	WIKI:EN:Steve_Novak
1040719962	WIKI:EN:Instagram
1040719962	WIKI:EN:Barack_Obama
1040719962	WIKI:EN:Alicia_Keys
1040719962	WIKI:EN:Hipstamatic
1040719962	WIKI:EN:Led_Zeppelin
102116728	WIKI:EN:Esteban_Arce
102116728	WIKI:EN:Joe_Piscopo
102116728	WIKI:EN:Olallo_Rubio
102116728	WIKI:EN:Polo_Polo
102116728	WIKI:EN:No_Starch_Press
102116728	WIKI:EN:Mitch_Kapor
1018338006	WIKI:EN:Jamel_Debbouze
1018338006	WIKI:EN:Alexandre_Lacazette
1018338006	WIKI:EN:Blaise_Matuidi
1018338006	WIKI:EN:Guji_Lorenzana
1018338006	WIKI:EN:P.G._Sittenfeld
1018338006	WIKI:EN:Larry_Fong
102035654	WIKI:EN:Colorado_Review
102035654	WIKI:EN:Tupele_Dorgu
102035654	WIKI:EN:Charlie_Higson
102035654	WIKI:EN:Kim_Feenstra
102035654	WIKI:EN:Gerard_Joling
102035654	WIKI:EN:Lauren_Conrad
104045503	WIKI:EN:Bob_Payne
104045503	WIKI:EN:One_Direction
104045503	WIKI:EN:Joe_Sugg
104045503	WIKI:EN:Niall_Horan
104045503	WIKI:EN:Larry_Hernandez
104045503	WIKI:EN:Leni_Robredo
10203812	WIKI:EN:Barack_Obama
10203812	WIKI:EN:Victor_Rasuk
10203812	WIKI:EN:Carlos_Mena
10203812	WIKI:EN:Candide_Thovex
10203812	WIKI:EN:Wayne_Sutton
10203812	WIKI:EN:TechCrunch
10500822	WIKI:EN:Danny!
10500822	WIKI:EN:Roda_Viva
10500822	WIKI:EN:Jason_Reitman
10500822	WIKI:EN:BBC_Brasil
10500822	WIKI:EN:CartaCapital
10500822	WIKI:EN:Alison_Levine
105463512	WIKI:EN:John_W._Henry
105463512	WIKI:EN:Xabi_Alonso
105463512	WIKI:EN:Lucas_Leiva
105463512	WIKI:EN:Lynette_Chico
105463512	WIKI:EN:Companhia_das_Letras
105463512	WIKI:EN:The_Royal_British_Legion
106067609	WIKI:EN:Scott_Weinger
106067609	WIKI:EN:Olive_flounder
106067609	WIKI:EN:NBA_on_ESPN
106067609	WIKI:EN:Naoko_Yamazaki
106067609	WIKI:EN:IBooks
106067609	WIKI:EN:Lady_Gaga
103198494	WIKI:EN:Eriq_La_Salle
103198494	WIKI:EN:Skoll_Foundation
103198494	WIKI:EN:Dunelm_Group
103198494	WIKI:EN:Buzz_Aldrin
103198494	WIKI:EN:St._Vincent_(album)
103198494	WIKI:EN:Calvin_and_Hobbes
103907235	WIKI:EN:Eric_Bischoff
103907235	WIKI:EN:ABC_News_24
103907235	WIKI:EN:Emily_Osment
103907235	WIKI:EN:Raj_Patel
103907235	WIKI:EN:Ashley_Tisdale
103907235	WIKI:EN:Shah_Rukh_Khan
10235502	WIKI:EN:C-SPAN
10235502	WIKI:EN:Bookish
10235502	WIKI:EN:Chabad.org
10235502	WIKI:EN:AccuWeather
10235502	WIKI:EN:Nicole_Lyn
10235502	WIKI:EN:Jenna_Wortham
1051145474	WIKI:EN:Hampton_Creek
1051145474	WIKI:EN:Amanda_Tapping
1051145474	WIKI:EN:Playboy
1051145474	WIKI:EN:Dani_Rovira
1051145474	WIKI:EN:Mental_Floss
1051145474	WIKI:EN:Only_the_Blues
100536197	WIKI:EN:Elijah_Burke
100536197	WIKI:EN:David_Faitelson
100536197	WIKI:EN:Muy_Interesante
100536197	WIKI:EN:Jordan_Henderson
100536197	WIKI:EN:Raj_Patel
100536197	WIKI:EN:Real_Madrid_C.F.
102574866	WIKI:EN:Velvet_Hammer
102574866	WIKI:EN:Millena
102574866	WIKI:EN:Britney_Spears
102574866	WIKI:EN:Lauren_Conrad
102574866	WIKI:EN:YouTube
102574866	WIKI:EN:TGV_Cinemas
1022867144	WIKI:EN:Aquiles_Priester
1022867144	WIKI:EN:Kiko_Loureiro
1022867144	WIKI:EN:Golden_Tate
1022867144	WIKI:EN:Mike_Newkirk
1022867144	WIKI:EN:Rafael_Bittencourt
1022867144	WIKI:EN:Coolhaus
104022970	WIKI:EN:Marcelo_Adnet
104022970	WIKI:EN:Real_Madrid_C.F.
104022970	WIKI:EN:Ahmed_Patel
104022970	WIKI:EN:Doha_Film_Institute
104022970	WIKI:EN:Clark_Bautista
104022970	WIKI:EN:Cristiano_Ronaldo
101934224	WIKI:EN:Kent_Messenger
101934224	WIKI:EN:Kill_Bill
101934224	WIKI:EN:Never_Forget_Me
101934224	WIKI:EN:Enrique_Iglesias
101934224	WIKI:EN:Carlos_Baute
101934224	WIKI:EN:Javier_Alatorre
1032409795	WIKI:EN:Martin_Solveig
1032409795	WIKI:EN:D.C._United
1032409795	WIKI:EN:Bob_Sinclar
1032409795	WIKI:EN:Richard_Fortus
1032409795	WIKI:EN:Adriano_Espaillat
1032409795	WIKI:EN:Lady_Gaga
1054082509	WIKI:EN:Nick_Harkaway
1054082509	WIKI:EN:James_DeGale
1054082509	WIKI:EN:Ellen_DeGeneres
1054082509	WIKI:EN:One_Direction
1054082509	WIKI:EN:Liam
1054082509	WIKI:EN:Democrat_and_Chronicle
104569017	WIKI:EN:Littlewoods
104569017	WIKI:EN:Willie_McGinest
104569017	WIKI:EN:Jodi_Picoult
104569017	WIKI:EN:The_Temple_News
104569017	WIKI:EN:Michael_Sheen
104569017	WIKI:EN:Peter_Facinelli
104077121	WIKI:EN:Bill_Press
104077121	WIKI:EN:Daniel_Radosh
104077121	WIKI:EN:Twitcam
104077121	WIKI:EN:Ashton_Kutcher
104077121	WIKI:EN:Josh_Stein
104077121	WIKI:EN:Barack_Obama
101881961	WIKI:EN:Eric_Dean_Seaton
101881961	WIKI:EN:Commerce_minister
101881961	WIKI:EN:All_Time_Low
101881961	WIKI:EN:Louis_Tomlinson
101881961	WIKI:EN:LZ_Granderson
101881961	WIKI:EN:Twin_Atlantic
105406926	WIKI:EN:Urbandub
105406926	WIKI:EN:Carles_Puyol
105406926	WIKI:EN:Michael_Dean_Shelton
105406926	WIKI:EN:Car_(magazine)
105406926	WIKI:EN:Texas_Hippie_Coalition
105406926	WIKI:EN:The_Beatles
100825335	WIKI:EN:Lady_Gaga
100825335	WIKI:EN:Hamilton_Morris
100825335	WIKI:EN:Best_Western
100825335	WIKI:EN:Sean_Foreman
100825335	WIKI:EN:Tinie_Tempah
100825335	WIKI:EN:Alex_Lynn
102104895	WIKI:EN:Forsman_&_Bodenfors
102104895	WIKI:EN:Kaddi
102104895	WIKI:EN:Miyavi
102104895	WIKI:EN:DeviantArt
102104895	WIKI:EN:Ivi_Adamou
102104895	WIKI:EN:Tim_Lincecum
103427207	WIKI:EN:NBA_on_TNT
103427207	WIKI:EN:Jowell
103427207	WIKI:EN:Residente
103427207	WIKI:EN:Dentinho
103427207	WIKI:EN:Drew_Butera
103427207	WIKI:EN:Daddy_Yankee
1029020569	WIKI:EN:The_New_York_Times
1029020569	WIKI:EN:Alessia
1029020569	WIKI:EN:Warner_Channel
1029020569	WIKI:EN:Masahiro_Sakurai
1029020569	WIKI:EN:Nicki
1029020569	WIKI:EN:Eduardo_Galeano
101099207	WIKI:EN:Yasmin
101099207	WIKI:EN:Henry_Winter
101099207	WIKI:EN:Food_for_the_Poor
101099207	WIKI:EN:Dianna_Agron
101099207	WIKI:EN:Demi_Lovato
101099207	WIKI:EN:Richard_Prince
1029660373	WIKI:EN:One_Direction
1029660373	WIKI:EN:The_Weather_Channel
1029660373	WIKI:EN:Justin_Bieber
1029660373	WIKI:EN:Kajol
1029660373	WIKI:EN:Alice_Waters
1029660373	WIKI:EN:Niall_Horan
102754039	WIKI:EN:Mike_Mullin
102754039	WIKI:EN:WCNC-TV
102754039	WIKI:EN:Alfonso_de_Anda
102754039	WIKI:EN:Neil_Gaiman
102754039	WIKI:EN:Mick_Wallace
102754039	WIKI:EN:Scientific_American
1030482722	WIKI:EN:Christian_Bautista
1030482722	WIKI:EN:Inma_Cuesta
1030482722	WIKI:EN:Luis_Manzano
1030482722	WIKI:EN:Robi_Domingo
1030482722	WIKI:EN:Nic
1030482722	WIKI:EN:Steve_Stockman
101564059	WIKI:EN:Paola_Rojas
101564059	WIKI:EN:Mats_Zuccarello
101564059	WIKI:EN:Adela_Micha
101564059	WIKI:EN:Blue_to_the_Bone
101564059	WIKI:EN:Author_Solutions
101564059	WIKI:EN:UEFA_Youth_League
104244091	WIKI:EN:Morning_Ireland
104244091	WIKI:EN:Real_Madrid_C.F.
104244091	WIKI:EN:Chilango
104244091	WIKI:EN:Malibu_Country
104244091	WIKI:EN:Worcestershire_County_Cricket_Club
104244091	WIKI:EN:Giada_De_Laurentiis
101532373	WIKI:EN:Julie_Gonzalo
101532373	WIKI:EN:Vanessa_Mesquita
101532373	WIKI:EN:Michelin_Guide
101532373	WIKI:EN:Michael_Franti
101532373	WIKI:EN:LCD_Soundsystem
101532373	WIKI:EN:Francesco_Facchinetti
1039948508	WIKI:EN:Pride_of_Britain_Awards
1039948508	WIKI:EN:Danny_Mountain
1039948508	WIKI:EN:Ryan_Kelley
1039948508	WIKI:EN:Instagram
1039948508	WIKI:EN:Negeri_Sembilan
1039948508	WIKI:EN:Khairy_Jamaluddin
100127782	WIKI:EN:Ariana_Grande
100127782	WIKI:EN:Mike_Posner
100127782	WIKI:EN:Bengie_Molina
100127782	WIKI:EN:Justin_Bieber
100127782	WIKI:EN:Udon_Entertainment
100127782	WIKI:EN:Carlitos
100605023	WIKI:EN:Katie_Ledecky
100605023	WIKI:EN:Atul_Butte
100605023	WIKI:EN:SoundExchange
100605023	WIKI:EN:Paul_Porter
100605023	WIKI:EN:James_Carville
100605023	WIKI:EN:FL_Studio
1060578600	WIKI:EN:Simon_Cowell
1060578600	WIKI:EN:Niall_Horan
1060578600	WIKI:EN:Mediaite
1060578600	WIKI:EN:Christopher_McQuarrie
1060578600	WIKI:EN:Ford_Kiernan
1060578600	WIKI:EN:Demi_Lovato
1061097006	WIKI:EN:Taissa_Farmiga
1061097006	WIKI:EN:Brendon_Urie
1061097006	WIKI:EN:Pascal_Wehrlein
1061097006	WIKI:EN:Ravi_Agrawal
1061097006	WIKI:EN:Phil_Lester
1061097006	WIKI:EN:Zeitgeist_Films
104326390	WIKI:EN:Marimar_Vega
104326390	WIKI:EN:Conan_O'Brien
104326390	WIKI:EN:Hot_Chelle_Rae
104326390	WIKI:EN:Rick_Bayless
104326390	WIKI:EN:T.A.T.u.
104326390	WIKI:EN:Andy_Borowitz
1034085013	WIKI:EN:Julian_Casablancas
1034085013	WIKI:EN:Today's_Golfer
1034085013	WIKI:EN:John_Frazier
1034085013	WIKI:EN:Liam_Gallagher
1034085013	WIKI:EN:I.Sat
1034085013	WIKI:EN:EgyptAir
101678096	WIKI:EN:Michael_Reagan
101678096	WIKI:EN:Residente
101678096	WIKI:EN:Omer_Bhatti
101678096	WIKI:EN:MTV_Australia
101678096	WIKI:EN:Laurence_Golborne
101678096	WIKI:EN:Ricardo_Lagos_Weber
104620962	WIKI:EN:Big_Beat_Records_(American_record_label)
104620962	WIKI:EN:Blackjack_Billy
104620962	WIKI:EN:Solange_Knowles
104620962	WIKI:EN:Marlon_Wayans
104620962	WIKI:EN:Penrith_Panthers
104620962	WIKI:EN:Russell_Simmons
1022546299	WIKI:EN:CBS_News
1022546299	WIKI:EN:Roger_McGuinn
1022546299	WIKI:EN:Team_Secret
1022546299	WIKI:EN:Adamson_University
1022546299	WIKI:EN:9GAG
1022546299	WIKI:EN:Dana_Gonzales
1007067950	WIKI:EN:Misha_Collins
1007067950	WIKI:EN:Jaclyn_Victor
1007067950	WIKI:EN:Bitstrips
1007067950	WIKI:EN:WBIR-TV
1007067950	WIKI:EN:Ray_Luv
1007067950	WIKI:EN:Jim_Beaver
102692926	WIKI:EN:SoundCloud
102692926	WIKI:EN:Hakan_Celik
102692926	WIKI:EN:Ghost_story
102692926	WIKI:EN:Coldplay
102692926	WIKI:EN:NASA
102692926	WIKI:EN:David_Shrigley
1053624582	WIKI:EN:Jerzy_Buzek
1053624582	WIKI:EN:Paulina_Goto
1053624582	WIKI:EN:The_Ryzza_Mae_Show
1053624582	WIKI:EN:Instagram
1053624582	WIKI:EN:Justin_Bieber
1053624582	WIKI:EN:Lindy_Booth
101687807	WIKI:EN:Phil_Liggett
101687807	WIKI:EN:Gaby
101687807	WIKI:EN:Anders_Lindegaard
101687807	WIKI:EN:Russell_Crowe
101687807	WIKI:EN:Memoria_Chilena
101687807	WIKI:EN:Rock_the_Vote
1048593152	WIKI:EN:G-Eazy
1048593152	WIKI:EN:Bruno_Mars
1048593152	WIKI:EN:Liam
1048593152	WIKI:EN:Katy_Perry
1048593152	WIKI:EN:San_E
1048593152	WIKI:EN:Child_Rights_and_You
10610262	WIKI:EN:Mother_Earth_News
10610262	WIKI:EN:Iron_Maiden
10610262	WIKI:EN:Fantasy_Flight_Games
10610262	WIKI:EN:Kyle_Van_Noy
10610262	WIKI:EN:Kyle_Korver
10610262	WIKI:EN:Wired_UK
100888938	WIKI:EN:Esteban_Arce
100888938	WIKI:EN:J_Brand
100888938	WIKI:EN:Courtney_Upshaw
100888938	WIKI:EN:Vive_Latino
100888938	WIKI:EN:University_of_San_Francisco
100888938	WIKI:EN:Arturo_Rivera
105257837	WIKI:EN:Grammarly
105257837	WIKI:EN:Noel_Sullivan
105257837	WIKI:EN:Logan_Henderson
105257837	WIKI:EN:9GAG
105257837	WIKI:EN:Pope_Francis
105257837	WIKI:EN:Hayley
1004986386	WIKI:EN:Colin_Cowherd
1004986386	WIKI:EN:Nate_the_Great
1004986386	WIKI:EN:Breanna_Stewart
1004986386	WIKI:EN:Michael_Vick
1004986386	WIKI:EN:Kevin_Durant
1004986386	WIKI:EN:Melanie
102984360	WIKI:EN:Brian_McFadden
102984360	WIKI:EN:Min_Reyes
102984360	WIKI:EN:Rosanna_Davison
102984360	WIKI:EN:Alan_Carr
102984360	WIKI:EN:Marcos_Witt
102984360	WIKI:EN:Sean_Carrigan
103803248	WIKI:EN:Seamus_Dever
103803248	WIKI:EN:Jim_Beaver
103803248	WIKI:EN:Pressparty
103803248	WIKI:EN:Rick_Riordan
103803248	WIKI:EN:Bill_Elliott
103803248	WIKI:EN:Moon_pie
104610806	WIKI:EN:Duvar
104610806	WIKI:EN:Juan_Pablo_Raba
104610806	WIKI:EN:Blan
104610806	WIKI:EN:Luis_Chataing
104610806	WIKI:EN:Carla_Medina
104610806	WIKI:EN:Taylor_McFerrin
1046610404	WIKI:EN:El_Universo
1046610404	WIKI:EN:Dominic_Thiem
1046610404	WIKI:EN:Jared_Turner
1046610404	WIKI:EN:Felipe_Caicedo
1046610404	WIKI:EN:ESPN
1046610404	WIKI:EN:Darren_Criss
1016125681	WIKI:EN:Megadeth
1016125681	WIKI:EN:9GAG
1016125681	WIKI:EN:YouTube
1016125681	WIKI:EN:Joshua_Allen
1016125681	WIKI:EN:Kelly_Kapoor
1016125681	WIKI:EN:Juliette_Binoche
104538822	WIKI:EN:Betty_Buckley
104538822	WIKI:EN:BalconyTV
104538822	WIKI:EN:Karen_Gillan
104538822	WIKI:EN:Mitch_Lucker
104538822	WIKI:EN:Pau_Gasol
104538822	WIKI:EN:Oliver_Stone
1033644528	WIKI:EN:G_Adventures
1033644528	WIKI:EN:Vinnie_Politan
1033644528	WIKI:EN:Taylor_Swift
1033644528	WIKI:EN:Selena_Gomez
1033644528	WIKI:EN:Michael_Monroe
1033644528	WIKI:EN:Tony_Robbins
104534345	WIKI:EN:Enrique_Iglesias
104534345	WIKI:EN:Chad_Pennington
104534345	WIKI:EN:Justin_Baldoni
104534345	WIKI:EN:Residente
104534345	WIKI:EN:Texas_State_Bobcats
104534345	WIKI:EN:Daddy_Yankee
100101137	WIKI:EN:Russell_Peters
100101137	WIKI:EN:Celeste_Ng
100101137	WIKI:EN:Jason_Strauss
100101137	WIKI:EN:Allison_Melnick
100101137	WIKI:EN:Drapht
100101137	WIKI:EN:Michael_J._Fischer
1024944397	WIKI:EN:We_Came_as_Romans
1024944397	WIKI:EN:Premier_League
1024944397	WIKI:EN:Steven_Gerrard
1024944397	WIKI:EN:Liverpool_F.C.
1024944397	WIKI:EN:Gavin_Hewitt
1024944397	WIKI:EN:Cheech_&_Chong
1020119850	WIKI:EN:Barbara_Mikulski
1020119850	WIKI:EN:Nik_Stauskas
1020119850	WIKI:EN:Santiago_Segura
1020119850	WIKI:EN:Alberto_Contador
1020119850	WIKI:EN:David_Guetta
1020119850	WIKI:EN:Wayne_Kerr
1022204426	WIKI:EN:Ashley_Benson
1022204426	WIKI:EN:Shay_Mitchell
1022204426	WIKI:EN:Osi_Umenyiora
1022204426	WIKI:EN:DatPiff
1022204426	WIKI:EN:Lady_Gaga
1022204426	WIKI:EN:Chanel
105506114	WIKI:EN:Adam_Lambert
105506114	WIKI:EN:Shakira
105506114	WIKI:EN:Lady_Gaga
105506114	WIKI:EN:Bruno_Marioni
105506114	WIKI:EN:Corner_Bakery_Cafe
105506114	WIKI:EN:American_Tourister
103764862	WIKI:EN:Raditya_dika
103764862	WIKI:EN:Marty_Markowitz
103764862	WIKI:EN:Fiksimini
103764862	WIKI:EN:XOXO
103764862	WIKI:EN:Patrick_Star
103764862	WIKI:EN:Lettrs
1000466221	WIKI:EN:Brighton_Festival
1000466221	WIKI:EN:Crossfaith
1000466221	WIKI:EN:Warwick_Racecourse
1000466221	WIKI:EN:H&M
1000466221	WIKI:EN:Zendaya
1000466221	WIKI:EN:Logan_Lerman
104029464	WIKI:EN:Hardaway
104029464	WIKI:EN:Kenley_Jansen
104029464	WIKI:EN:Wiz_Khalifa
104029464	WIKI:EN:Lil_Duval
104029464	WIKI:EN:Manuel_L._Quezon_III
104029464	WIKI:EN:Mary_Lou_Retton
101348175	WIKI:EN:Mundo_Deportivo
101348175	WIKI:EN:Asian_Man_Records
101348175	WIKI:EN:Casey_Abrams
101348175	WIKI:EN:Enchanted_Kingdom
101348175	WIKI:EN:Shakira
101348175	WIKI:EN:FC_Barcelona
102463822	WIKI:EN:Neil_Patrick_Harris
102463822	WIKI:EN:Trevor_Philips
102463822	WIKI:EN:Axtone_Records
102463822	WIKI:EN:Clarice_Lispector
102463822	WIKI:EN:Eliza_Dushku
102463822	WIKI:EN:Sony_Pictures
103988575	WIKI:EN:Hallie_Haglund
103988575	WIKI:EN:Ridgid
103988575	WIKI:EN:LittleBigPlanet
103988575	WIKI:EN:Jeff
103988575	WIKI:EN:Marc_Colombo
103988575	WIKI:EN:ITunes
1000818570	WIKI:EN:Nathan_Ballard
1000818570	WIKI:EN:Campbell_Brown
1000818570	WIKI:EN:Hugh_Laurie
1000818570	WIKI:EN:Empire_of_the_Sun
1000818570	WIKI:EN:Celebrity_Cruises
1000818570	WIKI:EN:Instagram
1036289552	WIKI:EN:Julie_Estelle
1036289552	WIKI:EN:Andy_Biersack
1036289552	WIKI:EN:Vince_Hill
1036289552	WIKI:EN:BryanStars
1036289552	WIKI:EN:Darren_Criss
1036289552	WIKI:EN:Instagram
1005782072	WIKI:EN:Aegean_Airlines
1005782072	WIKI:EN:Writer's_Digest
1005782072	WIKI:EN:Social_capital
1005782072	WIKI:EN:Jesmyn_Ward
1005782072	WIKI:EN:HarperCollins
1005782072	WIKI:EN:Penguin_Random_House
102833474	WIKI:EN:Adin
102833474	WIKI:EN:RingCentral
102833474	WIKI:EN:Rainn_Wilson
102833474	WIKI:EN:Jeff_Burton
102833474	WIKI:EN:Christina_Applegate
102833474	WIKI:EN:Scott_Simon
105519423	WIKI:EN:Montserrat_Oliver
105519423	WIKI:EN:Deddy_Mizwar
105519423	WIKI:EN:Jorma_Taccone
105519423	WIKI:EN:Galilea_Montijo
105519423	WIKI:EN:Tony_Beltran
105519423	WIKI:EN:Carlos_Loret_de_Mola
1011863071	WIKI:EN:Misfits_Records
1011863071	WIKI:EN:Sara_Crowe
1011863071	WIKI:EN:Cody_Deal
1011863071	WIKI:EN:David_Sze
1011863071	WIKI:EN:Ginger_Clark
1011863071	WIKI:EN:Laura_Bradford
101878450	WIKI:EN:Angela_Douglas
101878450	WIKI:EN:Derry_GAA
101878450	WIKI:EN:Katy_Perry
101878450	WIKI:EN:Kat_Von_D
101878450	WIKI:EN:Justin_Timberlake
101878450	WIKI:EN:Ewan_McGregor
103086335	WIKI:EN:Half_Moon_Run
103086335	WIKI:EN:Kylie_Jenner
103086335	WIKI:EN:Iliana
103086335	WIKI:EN:Eduardo_Varela
103086335	WIKI:EN:NFL_Network
103086335	WIKI:EN:ONEFA
1002734161	WIKI:EN:Turner_Contemporary
1002734161	WIKI:EN:Vanilla_sugar
1002734161	WIKI:EN:Real_Madrid_C.F.
1002734161	WIKI:EN:Los_Andes_(Mendoza)
1002734161	WIKI:EN:Natalia_Pogonina
1002734161	WIKI:EN:Liam
1032009678	WIKI:EN:Instagram
1032009678	WIKI:EN:Ron_Jon_Surf_Shop
1032009678	WIKI:EN:WhatsApp
1032009678	WIKI:EN:Reagan_coalition
1032009678	WIKI:EN:K._Michelle
1032009678	WIKI:EN:Keyshia_Cole
1008035437	WIKI:EN:Christianity_Today
1008035437	WIKI:EN:KENZ
1008035437	WIKI:EN:Chicago_Bears
1008035437	WIKI:EN:Michael_Cudlitz
1008035437	WIKI:EN:Jordy_Lucas
1008035437	WIKI:EN:LeBron_James
105256564	WIKI:EN:Adult_Swim
105256564	WIKI:EN:DJ_Pain_1
105256564	WIKI:EN:John_Breslin
105256564	WIKI:EN:Alejandro_Jodorowsky
105256564	WIKI:EN:TwitPic
105256564	WIKI:EN:Cin�polis
103358027	WIKI:EN:Adidas_Originals
103358027	WIKI:EN:Goethe-Institut
103358027	WIKI:EN:Novak_Djokovic
103358027	WIKI:EN:Dilated_Peoples
103358027	WIKI:EN:Justin_Chatwin
103358027	WIKI:EN:Amy_Wong
104530917	WIKI:EN:Dailymotion
104530917	WIKI:EN:Jesper_R�nndahl
104530917	WIKI:EN:Bucky_Badger
104530917	WIKI:EN:PowToon
104530917	WIKI:EN:Gael_Monfils
104530917	WIKI:EN:Dailymotion
101866367	WIKI:EN:Stephen_Fry
101866367	WIKI:EN:Gordon_Ramsay
101866367	WIKI:EN:STV_News
101866367	WIKI:EN:Reece_Burke
101866367	WIKI:EN:Ubisoft_Toronto
101866367	WIKI:EN:Edwyn_Collins
101067510	WIKI:EN:Michelle_McManus
101067510	WIKI:EN:Chilevisi�n
101067510	WIKI:EN:Canal_13_(Chile)
101067510	WIKI:EN:Monarcas_Morelia
101067510	WIKI:EN:After_Romeo
101067510	WIKI:EN:Capitol_Studios
102516970	WIKI:EN:Apoptygma_Berzerk
102516970	WIKI:EN:Simone_Simons
102516970	WIKI:EN:Lil_Rob
102516970	WIKI:EN:Greylock_Partners
102516970	WIKI:EN:Marcus_Trescothick
102516970	WIKI:EN:Within_Temptation
103430847	WIKI:EN:Kimberly_Thompson
103430847	WIKI:EN:Martin_Henderson
103430847	WIKI:EN:Adele
103430847	WIKI:EN:Giovanni_Agnelli
103430847	WIKI:EN:Ed_Sheeran
103430847	WIKI:EN:Kara_Swisher
1034967680	WIKI:EN:Michele_Mahone
1034967680	WIKI:EN:Justin_Bieber
1034967680	WIKI:EN:Jasmine_Tookes
1034967680	WIKI:EN:Clive_Barker
1034967680	WIKI:EN:Matt_Bennett
1034967680	WIKI:EN:Pattie_Mallette
1003094628	WIKI:EN:Louis_Tomlinson
1003094628	WIKI:EN:El_Intermedio
1003094628	WIKI:EN:Nuria_Piera
1003094628	WIKI:EN:Niall_Horan
1003094628	WIKI:EN:Mark_Gilroy
1003094628	WIKI:EN:Justin_Bieber
1027337827	WIKI:EN:Alf_Rehn
1027337827	WIKI:EN:Did_You_Know_Gaming?
1027337827	WIKI:EN:WWE
1027337827	WIKI:EN:Ellen_DeGeneres
1027337827	WIKI:EN:Saint_Asonia
1027337827	WIKI:EN:Virgin_Money
100303502	WIKI:EN:Andrew_Goldstein_(musician)
100303502	WIKI:EN:Glenn_Howerton
100303502	WIKI:EN:Sex&Drugs&Rock&Roll
100303502	WIKI:EN:National_Hockey_League
100303502	WIKI:EN:Philadelphia_Flyers
100303502	WIKI:EN:Bindi_Irwin
1025650062	WIKI:EN:Nico_Tortorella
1025650062	WIKI:EN:Vinay_Rai
1025650062	WIKI:EN:Richard_Edelman
1025650062	WIKI:EN:Paul_Martin
1025650062	WIKI:EN:ClutchFans
1025650062	WIKI:EN:Ally_Carter
1020434226	WIKI:EN:Robert_Woodard
1020434226	WIKI:EN:Twitter
1020434226	WIKI:EN:Alteryx
1020434226	WIKI:EN:Bruno_Mars
1020434226	WIKI:EN:Demi_Lovato
1020434226	WIKI:EN:Cowdenbeath_F.C.
101692360	WIKI:EN:Osmo
101692360	WIKI:EN:Polo_Polo
101692360	WIKI:EN:Cleveland_plus
101692360	WIKI:EN:Lady_Gaga
101692360	WIKI:EN:TriMet
101692360	WIKI:EN:Shakira
1059054384	WIKI:EN:BBC_Surrey
1059054384	WIKI:EN:Cosculluela
1059054384	WIKI:EN:BBC_Radio_Devon
1059054384	WIKI:EN:Residente
1059054384	WIKI:EN:RCRD_LBL
1059054384	WIKI:EN:De_La_Ghetto
1056513145	WIKI:EN:ABC_(newspaper)
1056513145	WIKI:EN:Topshop
1056513145	WIKI:EN:Crissy
1056513145	WIKI:EN:Instituto_Cervantes
1056513145	WIKI:EN:Cedric_the_Entertainer
1056513145	WIKI:EN:Seattle_Police_Department
1018314182	WIKI:EN:Sarah_Newton
1018314182	WIKI:EN:Justin_Bieber
1018314182	WIKI:EN:Jim_Lanzone
1018314182	WIKI:EN:Britney_Spears
1018314182	WIKI:EN:Rihanna
1018314182	WIKI:EN:Emmett_J._Scanlan
105929149	WIKI:EN:Connor_Jessup
105929149	WIKI:EN:Rafinha_Bastos
105929149	WIKI:EN:New_York_Jets
105929149	WIKI:EN:Lizzo
105929149	WIKI:EN:Sabrina_Sato
105929149	WIKI:EN:Marco_Luque
104558435	WIKI:EN:Goodreads
104558435	WIKI:EN:Buffalo_Sabres
104558435	WIKI:EN:Miami_Horror
104558435	WIKI:EN:ABA_Journal
104558435	WIKI:EN:Bill_Gates
104558435	WIKI:EN:David_Brock
1005794179	WIKI:EN:Shakey_Graves
1005794179	WIKI:EN:Eroc
1005794179	WIKI:EN:Adam_Lambert
1005794179	WIKI:EN:YouTube
1005794179	WIKI:EN:Is-a
1005794179	WIKI:EN:Britney_Spears
10113082	WIKI:EN:Hackney_Empire
10113082	WIKI:EN:EllisLab
10113082	WIKI:EN:Jon_F._Merz
10113082	WIKI:EN:Biz_Stone
10113082	WIKI:EN:Storm_Calysta
10113082	WIKI:EN:Arnold_Kim
1032592020	WIKI:EN:Michael_Novogratz
1032592020	WIKI:EN:Brandon_Bass
1032592020	WIKI:EN:Marcelo_Adnet
1032592020	WIKI:EN:Instagram
1032592020	WIKI:EN:MinX
1032592020	WIKI:EN:Marco_Luque
10533722	WIKI:EN:Olivia_Lee
10533722	WIKI:EN:Stonewall_Kitchen
10533722	WIKI:EN:Manuel_Ferrara
10533722	WIKI:EN:Jeremy_Powers
10533722	WIKI:EN:The_Brazilian
10533722	WIKI:EN:Magal
105422165	WIKI:EN:Penny_Mordaunt
105422165	WIKI:EN:Estria
105422165	WIKI:EN:Jay_Ajayi
105422165	WIKI:EN:George_Iloka
105422165	WIKI:EN:Philippe_Couillard
105422165	WIKI:EN:Matt_Paradis
1057662908	WIKI:EN:Steff
1057662908	WIKI:EN:Shawn_Mendes
1057662908	WIKI:EN:Phillip_Schofield
1057662908	WIKI:EN:Claud
1057662908	WIKI:EN:Floortje_Dessing
1057662908	WIKI:EN:Jim_Iyke
1058995674	WIKI:EN:Is-a
1058995674	WIKI:EN:Tom_Llamas
1058995674	WIKI:EN:Paulo
1058995674	WIKI:EN:Instagram
1058995674	WIKI:EN:Katy_Perry
1058995674	WIKI:EN:Ryan_Seacrest
103246786	WIKI:EN:Tokyo_Ghoul
103246786	WIKI:EN:Dallas_Mavericks
103246786	WIKI:EN:ZDF
103246786	WIKI:EN:Toronto_Maple_Leafs
103246786	WIKI:EN:Eric_Lambert
103246786	WIKI:EN:Exclaim!
106119275	WIKI:EN:Manhattan_Connection
106119275	WIKI:EN:Paul_McCarthy
106119275	WIKI:EN:Fernando_Alonso
106119275	WIKI:EN:Real_Madrid_C.F.
106119275	WIKI:EN:Tiff_Needell
106119275	WIKI:EN:Pablo_Iglesias
102228227	WIKI:EN:Nature_Chemistry
102228227	WIKI:EN:The_Pharcyde
102228227	WIKI:EN:Okayplayer
102228227	WIKI:EN:Katie_Fforde
102228227	WIKI:EN:Biltmore_Estate
102228227	WIKI:EN:The_Roots
104954902	WIKI:EN:Adolfo_Aguilar
104954902	WIKI:EN:Japa
104954902	WIKI:EN:Louis_Tomlinson
104954902	WIKI:EN:Carl_Sagan
104954902	WIKI:EN:Josh_Peck
104954902	WIKI:EN:Drake_Bell
100643423	WIKI:EN:Zebra_Katz
100643423	WIKI:EN:Pablo_Sciuto
100643423	WIKI:EN:Manel
100643423	WIKI:EN:InciWeb
100643423	WIKI:EN:Lifelover
100643423	WIKI:EN:Bruce_Springsteen
105879098	WIKI:EN:Twitter
105879098	WIKI:EN:Charlie_Sheen
105879098	WIKI:EN:Face_book
105879098	WIKI:EN:Ryan_Gage
105879098	WIKI:EN:Conor_Murphy
105879098	WIKI:EN:Vent-Axia
1030623170	WIKI:EN:Liam
1030623170	WIKI:EN:Ben_Leber
1030623170	WIKI:EN:Alok
1030623170	WIKI:EN:Reichel
1030623170	WIKI:EN:Noah_Syndergaard
1030623170	WIKI:EN:Carlos_Lisboa
100126414	WIKI:EN:Philip_DeFranco
100126414	WIKI:EN:Lil_Duval
100126414	WIKI:EN:Chey
100126414	WIKI:EN:Owl_City
100126414	WIKI:EN:Martin_Garrix
100126414	WIKI:EN:Jackie_Kashian
1020553891	WIKI:EN:Wiz_Khalifa
1020553891	WIKI:EN:Golden_Discs
1020553891	WIKI:EN:WWT_Slimbridge
1020553891	WIKI:EN:Rick_Grimes
1020553891	WIKI:EN:Nicki_Minaj
1020553891	WIKI:EN:Alicia_Keys
1003160634	WIKI:EN:Crystalyne
1003160634	WIKI:EN:Stretch_Armstrong
1003160634	WIKI:EN:Alun_Wyn_Jones
1003160634	WIKI:EN:C�ur_de_pirate
1003160634	WIKI:EN:Infoman
1003160634	WIKI:EN:Daryl_Sabara
1032661988	WIKI:EN:Liya_Kebede
1032661988	WIKI:EN:Freddy_Adu
1032661988	WIKI:EN:Rihanna
1032661988	WIKI:EN:One_Direction
1032661988	WIKI:EN:Taylor_Swift
1032661988	WIKI:EN:Daniel_Padilla
1034372562	WIKI:EN:The_Roots
1034372562	WIKI:EN:Elzhi
1034372562	WIKI:EN:Eleanora
1034372562	WIKI:EN:Madlib
1034372562	WIKI:EN:Luke_Rathborne
1034372562	WIKI:EN:Ciaran_Clark
103154966	WIKI:EN:Florida_Aquarium
103154966	WIKI:EN:James_Curnow
103154966	WIKI:EN:Christopher_Tompkins
103154966	WIKI:EN:New_Zealand_Labour_Party
103154966	WIKI:EN:The_Sims
103154966	WIKI:EN:I_See_Stars
1043948564	WIKI:EN:Joumana_Haddad
1043948564	WIKI:EN:Ghost_story
1043948564	WIKI:EN:Woodland_Trust
1043948564	WIKI:EN:Francois_Hougaard
1043948564	WIKI:EN:Conan_O'Brien
1043948564	WIKI:EN:Machinima
1025655775	WIKI:EN:The_Chive
1025655775	WIKI:EN:Jai_Paul
1025655775	WIKI:EN:Liz_Lieu
1025655775	WIKI:EN:Zagat
1025655775	WIKI:EN:Boomer_Esiason
1025655775	WIKI:EN:Matheus
104400737	WIKI:EN:Cecil_Shorts_III
104400737	WIKI:EN:Jared_Leto
104400737	WIKI:EN:ERICA
104400737	WIKI:EN:Mikey_Way
104400737	WIKI:EN:Lady_Gaga
104400737	WIKI:EN:Ben_Carlin
1052012186	WIKI:EN:Louie_Anderson
1052012186	WIKI:EN:Audrey_Assad
1052012186	WIKI:EN:Louis_Tomlinson
1052012186	WIKI:EN:Rob_Refsnyder
1052012186	WIKI:EN:Taylor_Swift
1052012186	WIKI:EN:One_Direction
1017668882	WIKI:EN:Taylor_Momsen
1017668882	WIKI:EN:Griffin_Gluck
1017668882	WIKI:EN:NGINX,_Inc.
1017668882	WIKI:EN:Capital_Inicial
1017668882	WIKI:EN:Ed_Sheeran
1017668882	WIKI:EN:Chris_Fleming
1048145376	WIKI:EN:Beauty_Gonzalez
1048145376	WIKI:EN:Max_Blumenthal
1048145376	WIKI:EN:Hayley
1048145376	WIKI:EN:Chelsea_Handler
1048145376	WIKI:EN:Rick_Grimes
1048145376	WIKI:EN:Shawn_Mendes
106004012	WIKI:EN:Clive_Davis
106004012	WIKI:EN:Ximena_Navarrete
106004012	WIKI:EN:Miss_Universe
106004012	WIKI:EN:TwitPic
106004012	WIKI:EN:Texas_Hippie_Coalition
106004012	WIKI:EN:Rosa_Brooks
103232022	WIKI:EN:Paulo_Coelho
103232022	WIKI:EN:Kate_Lawler
103232022	WIKI:EN:We_Are_the_In_Crowd
103232022	WIKI:EN:TV_Patrol
103232022	WIKI:EN:UNICEF_Philippines
103232022	WIKI:EN:Joshua_Johnson
101455578	WIKI:EN:1LIVE
101455578	WIKI:EN:GoPro
101455578	WIKI:EN:Chelsie_Hightower
101455578	WIKI:EN:Geocaching
101455578	WIKI:EN:ONE_World_Sports
101455578	WIKI:EN:Dakota_Bradley
103173368	WIKI:EN:Lady_Gaga
103173368	WIKI:EN:Frank_Wildhorn
103173368	WIKI:EN:Zach_Galifianakis
103173368	WIKI:EN:Barack_Obama
103173368	WIKI:EN:Strayer_University
103173368	WIKI:EN:Michelle_Obama
101077773	WIKI:EN:GMA_Records
101077773	WIKI:EN:JULES
101077773	WIKI:EN:Ted_Alexandro
101077773	WIKI:EN:Bill_Simmons
101077773	WIKI:EN:Memphis_Grizzlies
101077773	WIKI:EN:Chuck_Klosterman
101910254	WIKI:EN:Unreal_Engine
101910254	WIKI:EN:Aleksandr_Gorin
101910254	WIKI:EN:Royal_Republic
101910254	WIKI:EN:Nayef
101910254	WIKI:EN:Julia_Morris
101910254	WIKI:EN:David_Rowlands
1045684898	WIKI:EN:Rend_Collective
1045684898	WIKI:EN:Stephen_Amell
1045684898	WIKI:EN:Unlock_Democracy
1045684898	WIKI:EN:Daniel_Dae_Kim
1045684898	WIKI:EN:Puffin_Books
1045684898	WIKI:EN:Twitter
105812073	WIKI:EN:Alex_Band
105812073	WIKI:EN:BBC_Radio_1Xtra
105812073	WIKI:EN:James_Hannon
105812073	WIKI:EN:Emma_Watson
105812073	WIKI:EN:Zooey_Deschanel
105812073	WIKI:EN:Russell_Brand
1002338478	WIKI:EN:Paulina_Goto
1002338478	WIKI:EN:Lexi_Thompson
1002338478	WIKI:EN:Jenni_Rivera
1002338478	WIKI:EN:Judith_Hill
1002338478	WIKI:EN:Instagram
1002338478	WIKI:EN:Alli
1018042374	WIKI:EN:Arctic_Monkeys
1018042374	WIKI:EN:Until_We_Get_Caught
1018042374	WIKI:EN:Even_If_It_Kills_Me
1018042374	WIKI:EN:IronE_Singleton
1018042374	WIKI:EN:Rodrigo_Mora
1018042374	WIKI:EN:Selma_Blair
101075232	WIKI:EN:Matthew_Bailey
101075232	WIKI:EN:Oscar_Isaac
101075232	WIKI:EN:Dalai_Lama
101075232	WIKI:EN:Alejandro_Jodorowsky
101075232	WIKI:EN:David_Farrier
101075232	WIKI:EN:Chilango
1051108351	WIKI:EN:Mick_Foley
1051108351	WIKI:EN:WWE
1051108351	WIKI:EN:Erin_Hannon
1051108351	WIKI:EN:Willa_Holland
1051108351	WIKI:EN:John_Cena
1051108351	WIKI:EN:Matteo_Salvini
103734233	WIKI:EN:Daniel_Tosh
103734233	WIKI:EN:Wilhelm_Gustloff
103734233	WIKI:EN:Ab-Soul
103734233	WIKI:EN:Anders_Holm
103734233	WIKI:EN:Craig_Custance
103734233	WIKI:EN:Phallucy
1037800752	WIKI:EN:Matthew_Perry
1037800752	WIKI:EN:Eric_Ries
1037800752	WIKI:EN:N.
1037800752	WIKI:EN:Kiva
1037800752	WIKI:EN:Juliana_Paes
1037800752	WIKI:EN:Business_Insider
100123499	WIKI:EN:InStyle
100123499	WIKI:EN:Dalai_Lama
100123499	WIKI:EN:Ed_Morrissey
100123499	WIKI:EN:Julian_Casablancas
100123499	WIKI:EN:Kim_Feenstra
100123499	WIKI:EN:7th_Order
102845332	WIKI:EN:Solange_Knowles
102845332	WIKI:EN:Kurt_Andersen
102845332	WIKI:EN:Pasadena_Playhouse
102845332	WIKI:EN:Loen
102845332	WIKI:EN:Oprah_Winfrey
102845332	WIKI:EN:Rihanna
100503113	WIKI:EN:Toledo_Mud_Hens
100503113	WIKI:EN:Mendes
100503113	WIKI:EN:Simon_Coveney
100503113	WIKI:EN:Ali_Raymi
100503113	WIKI:EN:Munster_Rugby
100503113	WIKI:EN:Newstalk
1061542225	WIKI:EN:Harry_McGee
1061542225	WIKI:EN:Copper_Canyon_Press
1061542225	WIKI:EN:Niall_Horan
1061542225	WIKI:EN:Liam
1061542225	WIKI:EN:One_Direction
1061542225	WIKI:EN:Vinicius
1045514712	WIKI:EN:Nando_Reis
1045514712	WIKI:EN:Andy_Greenwald
1045514712	WIKI:EN:Return_to_El_Salvador
1045514712	WIKI:EN:Brooklyn_Nets
1045514712	WIKI:EN:The_Kooks
1045514712	WIKI:EN:Jorge_&_Mateus
105209472	WIKI:EN:Patrice_O'Neal
105209472	WIKI:EN:Willa_Holland
105209472	WIKI:EN:Calvin_Harris
105209472	WIKI:EN:Ryan_Gosling
105209472	WIKI:EN:Karol
105209472	WIKI:EN:Bruno_Mars
1013165376	WIKI:EN:Ross_Robinson
1013165376	WIKI:EN:Jamie_Grace
1013165376	WIKI:EN:LeBron_James
1013165376	WIKI:EN:Disability.gov
1013165376	WIKI:EN:Kevin_Durant
1013165376	WIKI:EN:National_Basketball_Association
1053947882	WIKI:EN:PlayStation
1053947882	WIKI:EN:The_Head_and_the_Heart
1053947882	WIKI:EN:Rockstar_Games
1053947882	WIKI:EN:YouTube
1053947882	WIKI:EN:Bill_Amend
1053947882	WIKI:EN:Tom's_Kitchen
100353062	WIKI:EN:Ultra_Music_Festival
100353062	WIKI:EN:CNN_Chile
100353062	WIKI:EN:BBC_Mundo
100353062	WIKI:EN:Genelec
100353062	WIKI:EN:El_Mercurio
100353062	WIKI:EN:Jewish_Voice
103695833	WIKI:EN:Will_Ferrell
103695833	WIKI:EN:CK-12_Foundation
103695833	WIKI:EN:Wargaming.net
103695833	WIKI:EN:Michelle_Anderson
103695833	WIKI:EN:Chris
103695833	WIKI:EN:Scott_Lord
100602922	WIKI:EN:Selena_Gomez
100602922	WIKI:EN:China_Internet_Information_Center
100602922	WIKI:EN:Jowell
100602922	WIKI:EN:Farruko
100602922	WIKI:EN:Entertainment_Earth
100602922	WIKI:EN:Dan_Barber
1000465040	WIKI:EN:One_Direction
1000465040	WIKI:EN:Niall_Horan
1000465040	WIKI:EN:Liam
1000465040	WIKI:EN:Tommy_Tiernan
1000465040	WIKI:EN:Kevi
1000465040	WIKI:EN:Manohar_Lal
1045221092	WIKI:EN:Cornwall_Council
1045221092	WIKI:EN:Russell_Hobbs
1045221092	WIKI:EN:Hook_grip
1045221092	WIKI:EN:Tom_Middleton
1045221092	WIKI:EN:Max_Richter
1045221092	WIKI:EN:SoundCloud
1043598745	WIKI:EN:Tavon_Wilson
1043598745	WIKI:EN:Alessandro_Cattelan
1043598745	WIKI:EN:TgCom24
1043598745	WIKI:EN:Le_Iene
1043598745	WIKI:EN:Clinic_escort
1043598745	WIKI:EN:Gisselle
1036889304	WIKI:EN:Giorgio_Armani
1036889304	WIKI:EN:Burberry
1036889304	WIKI:EN:Danny_O'Neil
1036889304	WIKI:EN:Cannes_Film_Festival
1036889304	WIKI:EN:O2_Academy_Sheffield
1036889304	WIKI:EN:Versace
105223642	WIKI:EN:Justin_Bieber
105223642	WIKI:EN:The_Beatles
105223642	WIKI:EN:Switchfoot
105223642	WIKI:EN:Science_News
105223642	WIKI:EN:Astralwerks
105223642	WIKI:EN:Patrick_Chung
1055104291	WIKI:EN:Magento
1055104291	WIKI:EN:Instituto_Cervantes
1055104291	WIKI:EN:El_Malpensante
1055104291	WIKI:EN:Soup_to_Nuts
1055104291	WIKI:EN:Chris
1055104291	WIKI:EN:Maruja_Torres
1029493698	WIKI:EN:Christie_Blatchford
1029493698	WIKI:EN:Melissa_Ponzio
1029493698	WIKI:EN:William_Hague
1029493698	WIKI:EN:Max_Carver
1029493698	WIKI:EN:Panic!_at_the_Disco
1029493698	WIKI:EN:Daniel_Andrews
105011368	WIKI:EN:Nate_Ravitz
105011368	WIKI:EN:Becky_Sauerbrunn
105011368	WIKI:EN:Miranda!
105011368	WIKI:EN:Daya
105011368	WIKI:EN:Candela_Vetrano
105011368	WIKI:EN:Catherine_Fulop
105269963	WIKI:EN:Pablo
105269963	WIKI:EN:Key_103
105269963	WIKI:EN:Melbourne_Theatre_Company
105269963	WIKI:EN:The_Beatles
105269963	WIKI:EN:Lee_Gamble
105269963	WIKI:EN:Lady_Gaga
103710272	WIKI:EN:Lady_Gaga
103710272	WIKI:EN:David_Guetta
103710272	WIKI:EN:Rihanna
103710272	WIKI:EN:Steve_Kamb
103710272	WIKI:EN:Dennis_Werth
103710272	WIKI:EN:Downtown_Calgary
105520536	WIKI:EN:Will_Richardson
105520536	WIKI:EN:Mindy_Kaling
105520536	WIKI:EN:Entertainment_Weekly
105520536	WIKI:EN:Kathy_Griffin
105520536	WIKI:EN:Ballers
105520536	WIKI:EN:Text_Santa
1051983049	WIKI:EN:Man_with_a_Mission
1051983049	WIKI:EN:Last.fm
1051983049	WIKI:EN:The_Beatles
1051983049	WIKI:EN:Justin_Bieber
1051983049	WIKI:EN:Carlos_Carvalhal
1051983049	WIKI:EN:Still_motion
100311153	WIKI:EN:Ernie_Halter
100311153	WIKI:EN:Rothenberg_Ventures
100311153	WIKI:EN:New_Straits_Times
100311153	WIKI:EN:Taylor_Swift
100311153	WIKI:EN:JJ_Lin
100311153	WIKI:EN:Sunday_Herald
102790504	WIKI:EN:Siksakubur
102790504	WIKI:EN:Wildlife_Warriors
102790504	WIKI:EN:OCESA_Seitrack
102790504	WIKI:EN:Taberah
102790504	WIKI:EN:Bonnie_McKee
102790504	WIKI:EN:Bridgit_Mendler
104977607	WIKI:EN:The_Range
104977607	WIKI:EN:Tom_Felton
104977607	WIKI:EN:Warner_Bros.
104977607	WIKI:EN:J._K._Rowling
104977607	WIKI:EN:Joyce_Manor
104977607	WIKI:EN:Kylie_Pentelow
1021610683	WIKI:EN:Monty_Python
1021610683	WIKI:EN:Fabio_Volo
1021610683	WIKI:EN:Yvette_Fielding
1021610683	WIKI:EN:Jared_Dillinger
1021610683	WIKI:EN:Melissa_Satta
1021610683	WIKI:EN:Valentino_Rossi
103606815	WIKI:EN:Carlos_Vives
103606815	WIKI:EN:Juanes
103606815	WIKI:EN:Tim_Wheeler
103606815	WIKI:EN:Ruud_van_Nistelrooy
103606815	WIKI:EN:The_New_York_Times
103606815	WIKI:EN:Ed_Westwick
100341806	WIKI:EN:Orianthi
100341806	WIKI:EN:Louise_Burfitt-Dons
100341806	WIKI:EN:Rafinha_Bastos
100341806	WIKI:EN:Psyko_Punkz
100341806	WIKI:EN:Kiko_Loureiro
100341806	WIKI:EN:Seychelle_Gabriel
1024988730	WIKI:EN:Europa-Park
1024988730	WIKI:EN:Nicki
1024988730	WIKI:EN:Lina
1024988730	WIKI:EN:Karol
1024988730	WIKI:EN:Scott_Watson
1024988730	WIKI:EN:Daniel_Padilla
104138787	WIKI:EN:Samy_Kamkar
104138787	WIKI:EN:Karoline
104138787	WIKI:EN:Hacker_News
104138787	WIKI:EN:Randall_Pearce
104138787	WIKI:EN:The_Intercept
104138787	WIKI:EN:UbiWorkshop
104023328	WIKI:EN:Hot_Hot_Heat
104023328	WIKI:EN:Eike_Batista
104023328	WIKI:EN:Linkin_Park
104023328	WIKI:EN:Lloyd_Cole
104023328	WIKI:EN:Stuart_Armstrong
104023328	WIKI:EN:Team_Dignitas
1015529426	WIKI:EN:Guilherme
1015529426	WIKI:EN:Jennie_McAlpine
1015529426	WIKI:EN:Giorgio_Chiellini
1015529426	WIKI:EN:Zosia_Mamet
1015529426	WIKI:EN:Alessandro_Del_Piero
1015529426	WIKI:EN:SoundHound
1034161	WIKI:EN:Beatie_Wolfe
1034161	WIKI:EN:TechCrunch
1034161	WIKI:EN:Ethan_Kaplan
1034161	WIKI:EN:Bobby_Tucker
1034161	WIKI:EN:Biz_Stone
1034161	WIKI:EN:Gym_Class_Heroes
101435183	WIKI:EN:Bill_de_Blasio
101435183	WIKI:EN:Carlos_Loret_de_Mola
101435183	WIKI:EN:Miley_Cyrus
101435183	WIKI:EN:Javier_Corral_Jurado
101435183	WIKI:EN:J._S._Lewis
101435183	WIKI:EN:Paola_Rojas
102126264	WIKI:EN:Utah_Jazz
102126264	WIKI:EN:Julia_Gillard
102126264	WIKI:EN:LabourStart
102126264	WIKI:EN:Native_Instruments
102126264	WIKI:EN:Dallas_Cowboys
102126264	WIKI:EN:Microsoft_Studios
1048745910	WIKI:EN:Fearne_Cotton
1048745910	WIKI:EN:Carly_Craig
1048745910	WIKI:EN:Chairlift_(band)
1048745910	WIKI:EN:Corriere_dello_Sport_�_Stadio
1048745910	WIKI:EN:Glastonbury_Festival
1048745910	WIKI:EN:Jo_Whiley
1036623025	WIKI:EN:All_Time_Low
1036623025	WIKI:EN:Dino_Morea
1036623025	WIKI:EN:Jorge_Rial
1036623025	WIKI:EN:Modern_Baseball
1036623025	WIKI:EN:Real_Friends
1036623025	WIKI:EN:Dr._Rock
105034796	WIKI:EN:Carole_King
105034796	WIKI:EN:Ugo_Ehiogu
105034796	WIKI:EN:Animation_Mentor
105034796	WIKI:EN:Tom_Felton
105034796	WIKI:EN:Evanna_Lynch
105034796	WIKI:EN:Coldplay
102091751	WIKI:EN:Last.fm
102091751	WIKI:EN:Trevor_Immelman
102091751	WIKI:EN:Demetri_Martin
102091751	WIKI:EN:Alfred_Sole
102091751	WIKI:EN:Coursera
102091751	WIKI:EN:Dylan_Evans
102212820	WIKI:EN:Katie
102212820	WIKI:EN:Landon_Donovan
102212820	WIKI:EN:S._J._Tucker
102212820	WIKI:EN:Chad_Johnson
102212820	WIKI:EN:Stephen_Michael
102212820	WIKI:EN:Carmen_Aristegui
1022457601	WIKI:EN:Katy_Perry
1022457601	WIKI:EN:Justus_Sheffield
1022457601	WIKI:EN:Britney_Spears
1022457601	WIKI:EN:Miley_Cyrus
1022457601	WIKI:EN:Marco_Borsato
1022457601	WIKI:EN:Osric_Chau
1021985196	WIKI:EN:Dani_Rovira
1021985196	WIKI:EN:Santiago_Segura
1021985196	WIKI:EN:Scotiabank
1021985196	WIKI:EN:Gyasi_Zardes
1021985196	WIKI:EN:Ricky_Rubio
1021985196	WIKI:EN:Kate_Flannery
1017561212	WIKI:EN:Elijah_Wood
1017561212	WIKI:EN:Tammy_Townsend
1017561212	WIKI:EN:Toby_Gad
1017561212	WIKI:EN:Dani_Mateo
1017561212	WIKI:EN:Ian_McKellen
1017561212	WIKI:EN:Andy_Diggle
104554025	WIKI:EN:Michael_Cudlitz
104554025	WIKI:EN:3VOOR12
104554025	WIKI:EN:C2C
104554025	WIKI:EN:Ilse_DeLange
104554025	WIKI:EN:Honeywell_Aerospace
104554025	WIKI:EN:De_Balie
101244568	WIKI:EN:Suicide_prevention
101244568	WIKI:EN:Alejandro
101244568	WIKI:EN:Juanes
101244568	WIKI:EN:Daniel_Viotto
101244568	WIKI:EN:Cadena_SER
101244568	WIKI:EN:Leones_del_Caracas
101243114	WIKI:EN:Duilio_Davino
101243114	WIKI:EN:Premier_League
101243114	WIKI:EN:Stewart_Alsop
101243114	WIKI:EN:Mike_Fleiss
101243114	WIKI:EN:Grand_Prix_motorcycle_racing
101243114	WIKI:EN:Podol
1034036905	WIKI:EN:Fifty_Shades_Freed
1034036905	WIKI:EN:Amazon.com
1034036905	WIKI:EN:Dreft
1034036905	WIKI:EN:E._L._James
1034036905	WIKI:EN:Michael_Vaughan
1034036905	WIKI:EN:Doris_Schroeder
1047796609	WIKI:EN:Tara_Lipinski
1047796609	WIKI:EN:Sylvie_Meis
1047796609	WIKI:EN:Liam
1047796609	WIKI:EN:Justin_Bieber
1047796609	WIKI:EN:One_Direction
1047796609	WIKI:EN:Jason_Bentley
1005890864	WIKI:EN:Aleks_Syntek
1005890864	WIKI:EN:Nando_Reis
1005890864	WIKI:EN:Earthjustice
1005890864	WIKI:EN:Erik_Rubin
1005890864	WIKI:EN:Carlos_Loret_de_Mola
1005890864	WIKI:EN:SAPO_(company)
105204483	WIKI:EN:Doumbia
105204483	WIKI:EN:Rosalyn_Gold-Onwude
105204483	WIKI:EN:VMware
105204483	WIKI:EN:VMworld
105204483	WIKI:EN:Lady_Gaga
105204483	WIKI:EN:Mario_Armstrong
102380221	WIKI:EN:Cory_Booker
102380221	WIKI:EN:Soleil_Moon_Frye
102380221	WIKI:EN:John_Dahl
102380221	WIKI:EN:Snoop_Dogg
102380221	WIKI:EN:Amanda_Carpenter
102380221	WIKI:EN:Before_Sunrise
102091856	WIKI:EN:Ben_Hoffman
102091856	WIKI:EN:La_Repubblica
102091856	WIKI:EN:Pyrena
102091856	WIKI:EN:Matteo_Renzi
102091856	WIKI:EN:Carolyn
102091856	WIKI:EN:Joe_Jonas
101606404	WIKI:EN:Inca_Kola
101606404	WIKI:EN:Sheryl_WuDunn
101606404	WIKI:EN:Rihanna
101606404	WIKI:EN:Adnkronos
101606404	WIKI:EN:Rebecca_Haarlow
101606404	WIKI:EN:Gerry_Scotti
103697635	WIKI:EN:David_Faitelson
103697635	WIKI:EN:Kevin_McCloud
103697635	WIKI:EN:Mundo_Deportivo
103697635	WIKI:EN:Azteca_(multimedia_conglomerate)
103697635	WIKI:EN:Pheed
103697635	WIKI:EN:Ludum_Dare
105194599	WIKI:EN:Twitter
105194599	WIKI:EN:The_Vaccines
105194599	WIKI:EN:Aaron's,_Inc.
105194599	WIKI:EN:Andrew_McMahon
105194599	WIKI:EN:YouTube
105194599	WIKI:EN:Leah_McSweeney
1031589355	WIKI:EN:Nando's
1031589355	WIKI:EN:Milkweed_Editions
1031589355	WIKI:EN:Twitter
1031589355	WIKI:EN:Liam
1031589355	WIKI:EN:Sondre_Lerche
1031589355	WIKI:EN:Stevie_Richards
104265880	WIKI:EN:Caitlin_Doughty
104265880	WIKI:EN:Hasan_Cemal
104265880	WIKI:EN:Eduardo
104265880	WIKI:EN:Zaytung
104265880	WIKI:EN:Hakan_Demir
104265880	WIKI:EN:Jordy_Smith
101345146	WIKI:EN:Adam_Schefter
101345146	WIKI:EN:Debra_Webb
101345146	WIKI:EN:Peter_DeLuise
101345146	WIKI:EN:Mike_Reiss
101345146	WIKI:EN:New_England_Patriots
101345146	WIKI:EN:Katie_Cook
1059093152	WIKI:EN:Tupac_Shakur
1059093152	WIKI:EN:Joana
1059093152	WIKI:EN:Samira
1059093152	WIKI:EN:Niall_Horan
1059093152	WIKI:EN:Lenta.ru
1059093152	WIKI:EN:Louis_Tomlinson
102512579	WIKI:EN:Plan_B_Skateboards
102512579	WIKI:EN:Dannii_Minogue
102512579	WIKI:EN:Brad_Fitzpatrick
102512579	WIKI:EN:Jake_Shears
102512579	WIKI:EN:3D_Hubs
102512579	WIKI:EN:Ellen_DeGeneres
1033314642	WIKI:EN:Theo_Walcott
1033314642	WIKI:EN:Clauss
1033314642	WIKI:EN:Avril_Lavigne
1033314642	WIKI:EN:Real_Friends
1033314642	WIKI:EN:Norton_Museum_of_Art
1033314642	WIKI:EN:Ed_Sheeran
1057687470	WIKI:EN:Profound_Lore_Records
1057687470	WIKI:EN:Tonyukuk
1057687470	WIKI:EN:UEFA_Europa_League
1057687470	WIKI:EN:NTV_Spor
1057687470	WIKI:EN:Adam_Lyth
1057687470	WIKI:EN:Julia_Roberts
100348420	WIKI:EN:Missy_Franklin
100348420	WIKI:EN:Cin�polis
100348420	WIKI:EN:Pedro_Ferriz_de_Con
100348420	WIKI:EN:Brett_Simpson
100348420	WIKI:EN:Ultra_Music
100348420	WIKI:EN:Thandie_Newton
1007809453	WIKI:EN:Bengie_Molina
1007809453	WIKI:EN:Niall_Horan
1007809453	WIKI:EN:Lynyrd_Skynyrd
1007809453	WIKI:EN:Miley_Cyrus
1007809453	WIKI:EN:Champagne_Pol_Roger
1007809453	WIKI:EN:Ariana_Grande
1053897104	WIKI:EN:Ray_William_Johnson
1053897104	WIKI:EN:MLB_Network
1053897104	WIKI:EN:Buster_Olney
1053897104	WIKI:EN:Hanes
1053897104	WIKI:EN:Michael_Ballack
1053897104	WIKI:EN:Richard_Bedford
103774344	WIKI:EN:Kat_Von_D
103774344	WIKI:EN:Anna_Drijver
103774344	WIKI:EN:Victoria's_Secret
103774344	WIKI:EN:Christian_Louboutin
103774344	WIKI:EN:Jim_Strickland
103774344	WIKI:EN:TRT_1
106136665	WIKI:EN:Zaytung
106136665	WIKI:EN:David_Flatman
106136665	WIKI:EN:Monica_Lewinsky
106136665	WIKI:EN:9GAG
106136665	WIKI:EN:BuzzFeed
106136665	WIKI:EN:Celph_Titled
105000559	WIKI:EN:Barack_Obama
105000559	WIKI:EN:Demi_Lovato
105000559	WIKI:EN:Juan
105000559	WIKI:EN:Alex_Hayes
105000559	WIKI:EN:Marcel_Hirscher
105000559	WIKI:EN:Justin_Timberlake
1040058876	WIKI:EN:LINC
1040058876	WIKI:EN:Jaden_Smith
1040058876	WIKI:EN:Mauricio_Sanchez
1040058876	WIKI:EN:James_Maslow
1040058876	WIKI:EN:Dan_Snyder
1040058876	WIKI:EN:Kiloo
1041111367	WIKI:EN:Mike_Harrington
1041111367	WIKI:EN:The_New_Yorker
1041111367	WIKI:EN:Nicholas_Kristof
1041111367	WIKI:EN:Global_Trade_Watch
1041111367	WIKI:EN:Hauser
1041111367	WIKI:EN:Get_Britain_Out
105645265	WIKI:EN:Miranda_Cosgrove
105645265	WIKI:EN:Ashley_Tisdale
105645265	WIKI:EN:Paul_F._Tompkins
105645265	WIKI:EN:George_Jarkesy
105645265	WIKI:EN:Fernanda_Motta
105645265	WIKI:EN:Drake_Bell
1010330760	WIKI:EN:Selena_Gomez
1010330760	WIKI:EN:State_Fair_of_Texas
1010330760	WIKI:EN:Daniel_Marsh
1010330760	WIKI:EN:Nina_Dobrev
1010330760	WIKI:EN:Mukhtar_Abbas_Naqvi
1010330760	WIKI:EN:Taylor_Swift
100710793	WIKI:EN:DE_magazine_Deutschland
100710793	WIKI:EN:Anna_M.
100710793	WIKI:EN:Mashable
100710793	WIKI:EN:Ben_Sherman
100710793	WIKI:EN:SourceFed
100710793	WIKI:EN:Keys_N_Krates
106087152	WIKI:EN:Gary_Hoover
106087152	WIKI:EN:CNN_Chile
106087152	WIKI:EN:Britney_Spears
106087152	WIKI:EN:Coldplay
106087152	WIKI:EN:Curtis_Young
106087152	WIKI:EN:David_Horowitz
1028429347	WIKI:EN:CP24_Breakfast
1028429347	WIKI:EN:Carol_Kirkwood
1028429347	WIKI:EN:Batatinha
1028429347	WIKI:EN:Is-a
1028429347	WIKI:EN:Matheus
1028429347	WIKI:EN:Steve_Weatherford
103040155	WIKI:EN:Bruce_Burton
103040155	WIKI:EN:Volaris
103040155	WIKI:EN:InterJet
103040155	WIKI:EN:Chilango
103040155	WIKI:EN:Henry_B._Eyring
103040155	WIKI:EN:Christina_Hendricks
103205394	WIKI:EN:Federico_Fazio
103205394	WIKI:EN:Bakari_Sellers
103205394	WIKI:EN:Roger_Corman
103205394	WIKI:EN:Darth_Vader
103205394	WIKI:EN:Jamie_Oliver
103205394	WIKI:EN:Zooey_Deschanel
1043356478	WIKI:EN:Liverpool_F.C.
1043356478	WIKI:EN:Tony_Fiorentino
1043356478	WIKI:EN:Paul_Verhoeven_(Australia)
1043356478	WIKI:EN:Astrophotography
1043356478	WIKI:EN:Conor_McGregor
1043356478	WIKI:EN:Jamie_Carragher
103115352	WIKI:EN:Real_Madrid_C.F.
103115352	WIKI:EN:Buddy_Miller
103115352	WIKI:EN:Teleamazonas
103115352	WIKI:EN:EMILY's_List
103115352	WIKI:EN:Once_Mekel
103115352	WIKI:EN:Chris_Cornell
1047970694	WIKI:EN:Reading_Is_Fundamental
1047970694	WIKI:EN:Zeki_Demirkubuz
1047970694	WIKI:EN:Cem_Adrian
1047970694	WIKI:EN:Cem_Uzan
1047970694	WIKI:EN:Ruya
1047970694	WIKI:EN:Oldies
101169594	WIKI:EN:Scooter_Braun
101169594	WIKI:EN:Francisca_Valenzuela
101169594	WIKI:EN:Mike_Rich
101169594	WIKI:EN:Low_Level_Flight
101169594	WIKI:EN:Jesse_Giddings
101169594	WIKI:EN:River_island
1048211288	WIKI:EN:Jeremy_Affeldt
1048211288	WIKI:EN:Taylor_Swift
1048211288	WIKI:EN:Demi_Lovato
1048211288	WIKI:EN:John_Hyland
1048211288	WIKI:EN:Tiffany_Alvord
1048211288	WIKI:EN:Animoto
104838778	WIKI:EN:Mark_Berman
104838778	WIKI:EN:Polo_Polo
104838778	WIKI:EN:Gina_Yashere
104838778	WIKI:EN:Consuelo_Duval
104838778	WIKI:EN:Eugenio_Derbez
104838778	WIKI:EN:Caitlin_Foord
1040253625	WIKI:EN:Mojang
1040253625	WIKI:EN:The_Denver_Post
1040253625	WIKI:EN:Dota_2
1040253625	WIKI:EN:Dota_2
1040253625	WIKI:EN:Natus_Vincere
1040253625	WIKI:EN:Kvelertak
1002479173	WIKI:EN:Real_Racing
1002479173	WIKI:EN:Dan_Cederholm
1002479173	WIKI:EN:Jeremy_Keith
1002479173	WIKI:EN:John_Gruber
1002479173	WIKI:EN:Merle_Haggard
1002479173	WIKI:EN:Judy_Murray
104582982	WIKI:EN:Fuse_ODG
104582982	WIKI:EN:Pride_of_Britain_Awards
104582982	WIKI:EN:Myles_Jackman
104582982	WIKI:EN:Paulina_Rubio
104582982	WIKI:EN:Joe_Jonas
104582982	WIKI:EN:Adal_Ramones
1024965140	WIKI:EN:Silvia_Olmedo
1024965140	WIKI:EN:Heath_Evans
1024965140	WIKI:EN:Carla_Morrison
1024965140	WIKI:EN:Marquez_Branson
1024965140	WIKI:EN:Adal_Ramones
1024965140	WIKI:EN:Charlotte_49ers
1045140930	WIKI:EN:Liam
1045140930	WIKI:EN:Kyra_Gracie
1045140930	WIKI:EN:Kendall_Schmidt
1045140930	WIKI:EN:Ed_Sheeran
1045140930	WIKI:EN:The_Mindy_Project
1045140930	WIKI:EN:Louis_Tomlinson
1046622463	WIKI:EN:Aaron_Rodgers
1046622463	WIKI:EN:Lina
1046622463	WIKI:EN:Hobby_Farms_(magazine)
1046622463	WIKI:EN:Ellen_DeGeneres
1046622463	WIKI:EN:Val_Kilmer
1046622463	WIKI:EN:Britney_Spears
106162987	WIKI:EN:Channing_Tatum
106162987	WIKI:EN:Kylie_Jenner
106162987	WIKI:EN:Norman_Whiteside
106162987	WIKI:EN:Taylor_Swift
106162987	WIKI:EN:Le_Devoir
106162987	WIKI:EN:Ekpe_Udoh
100956659	WIKI:EN:T3
100956659	WIKI:EN:Pink_(singer)
100956659	WIKI:EN:Director-general
100956659	WIKI:EN:HootSuite
100956659	WIKI:EN:Math_for_America
100956659	WIKI:EN:Lee_Unkrich
1024729050	WIKI:EN:NTV_Spor
1024729050	WIKI:EN:Ahmet_Kural
1024729050	WIKI:EN:9GAG
1024729050	WIKI:EN:Mr._Money_Mustache
1024729050	WIKI:EN:CatholicTV
1024729050	WIKI:EN:Pontifical_Catholic_University_of_Peru
1041283249	WIKI:EN:Elizabeth_Reaser
1041283249	WIKI:EN:Miami_Dolphins
1041283249	WIKI:EN:KassemG
1041283249	WIKI:EN:Jordan_Kovacs
1041283249	WIKI:EN:Kenny_Chesney
1041283249	WIKI:EN:Scott_Jurek
100336426	WIKI:EN:Invictus_Gaming
100336426	WIKI:EN:50_Cent
100336426	WIKI:EN:Ashton_Kutcher
100336426	WIKI:EN:HitchBOT
100336426	WIKI:EN:Jordi_Cruz
100336426	WIKI:EN:Wynn_Las_Vegas
10292942	WIKI:EN:Robert_Llewellyn
10292942	WIKI:EN:Michael_Vaughan
10292942	WIKI:EN:Boise_Weekly
10292942	WIKI:EN:Downtown_Boise
10292942	WIKI:EN:Tony_Palermo
10292942	WIKI:EN:Patrick_Reichelt
100539960	WIKI:EN:Lexi
100539960	WIKI:EN:You_Me_Her
100539960	WIKI:EN:Eduardo_Spohr
100539960	WIKI:EN:Emma_Watson
100539960	WIKI:EN:J._K._Rowling
100539960	WIKI:EN:Banksy
102827568	WIKI:EN:Cin�polis
102827568	WIKI:EN:Mix_Up
102827568	WIKI:EN:Cinemex
102827568	WIKI:EN:Nichi_Vendola
102827568	WIKI:EN:Mich
102827568	WIKI:EN:Wingo
1040173813	WIKI:EN:Mon_Laferte
1040173813	WIKI:EN:Cristian_Hidalgo
1040173813	WIKI:EN:Elis_Paprika
1040173813	WIKI:EN:Ayrton_Senna
1040173813	WIKI:EN:Garrett_Morris
1040173813	WIKI:EN:1M
10043572	WIKI:EN:Matt_Maiocco
10043572	WIKI:EN:UNICEF_Indonesia
10043572	WIKI:EN:United_Airlines
10043572	WIKI:EN:Southwark_Playhouse
10043572	WIKI:EN:Continental_Airlines
10043572	WIKI:EN:Chris_Cillizza
104395831	WIKI:EN:Susan_Hendricks
104395831	WIKI:EN:Escola_Superior_de_Propaganda_e_Marketing
104395831	WIKI:EN:Carlos_Mena
104395831	WIKI:EN:Da_capo
104395831	WIKI:EN:Google_Calendar
104395831	WIKI:EN:Liquideep
100746762	WIKI:EN:David_Lynch
100746762	WIKI:EN:Grand_Theft_Auto_V
100746762	WIKI:EN:Guinness_Storehouse
100746762	WIKI:EN:IMDb
100746762	WIKI:EN:TradingView
100746762	WIKI:EN:Box_Office_Mojo
1039180452	WIKI:EN:Jogo_Justo
1039180452	WIKI:EN:Justin_Trudeau
1039180452	WIKI:EN:Justin_Timberlake
1039180452	WIKI:EN:Luis_Figueroa
1039180452	WIKI:EN:Thomas_Boswell
1039180452	WIKI:EN:Justin_Bieber
1051819196	WIKI:EN:Ricky_Gervais
1051819196	WIKI:EN:Matthew_Williamson
1051819196	WIKI:EN:The_Kooks
1051819196	WIKI:EN:Mark_Waid
1051819196	WIKI:EN:Maxim_Integrated
1051819196	WIKI:EN:Steve_Carell
101923507	WIKI:EN:Thom_Yorke
101923507	WIKI:EN:Chad_Johnson
101923507	WIKI:EN:Tom_Warren
101923507	WIKI:EN:Ely_Guerra
101923507	WIKI:EN:John_Cabrera
101923507	WIKI:EN:Eugenio_Derbez
1038045986	WIKI:EN:Europa_FM
1038045986	WIKI:EN:Scooter_Braun
1038045986	WIKI:EN:Miley_Cyrus
1038045986	WIKI:EN:John_Hanke
1038045986	WIKI:EN:Forever_21
1038045986	WIKI:EN:Justin_Bieber
1051121473	WIKI:EN:Proceso_(magazine)
1051121473	WIKI:EN:Laine
1051121473	WIKI:EN:Denise_Dresser
1051121473	WIKI:EN:Margo_Glantz
1051121473	WIKI:EN:Tatyana_Ali
1051121473	WIKI:EN:Steve_Marmel
103601160	WIKI:EN:Thom_Yorke
103601160	WIKI:EN:Ryuichi_Sakamoto
103601160	WIKI:EN:Johnny_Jolly
103601160	WIKI:EN:Au_Revoir_Simone
103601160	WIKI:EN:Yasmin
103601160	WIKI:EN:Joanna_Blythman
1044471212	WIKI:EN:Speed_Freaks
1044471212	WIKI:EN:Logan_Lerman
1044471212	WIKI:EN:Ian_Somerhalder
1044471212	WIKI:EN:Taylor_Swift
1044471212	WIKI:EN:Atlanta_Life
1044471212	WIKI:EN:The_Morning_Rush
103754789	WIKI:EN:TwitPic
103754789	WIKI:EN:Kevin_Allison
103754789	WIKI:EN:De_Wereld_Draait_Door
103754789	WIKI:EN:Ayumi_Hamasaki
103754789	WIKI:EN:Remember_the_Milk
103754789	WIKI:EN:Vintage_Trouble
1027719169	WIKI:EN:Jacqueline_Gold
1027719169	WIKI:EN:Justin_Bieber
1027719169	WIKI:EN:Barack_Obama
1027719169	WIKI:EN:Laurent_Ruquier
1027719169	WIKI:EN:GENA
1027719169	WIKI:EN:One_Direction
103097074	WIKI:EN:Drew_Fuller
103097074	WIKI:EN:Bay_News_9
103097074	WIKI:EN:Kourtney_Kardashian
103097074	WIKI:EN:Devin_the_Dude
103097074	WIKI:EN:Kylie_Jenner
103097074	WIKI:EN:Kris_Jenner
1020650042	WIKI:EN:Human_Rights_Campaign
1020650042	WIKI:EN:The_Killers
1020650042	WIKI:EN:Cleveland_Clinic
1020650042	WIKI:EN:Richard_Keys
1020650042	WIKI:EN:Mark_Colvin
1020650042	WIKI:EN:Dalai_Lama
102782932	WIKI:EN:Top_Shelf_Productions
102782932	WIKI:EN:Instagram
102782932	WIKI:EN:Ahmet_Kural
102782932	WIKI:EN:Murat_Cemcir
102782932	WIKI:EN:The_Blizzard
102782932	WIKI:EN:Telemetro
103002623	WIKI:EN:Demi_Lovato
103002623	WIKI:EN:I_Bet_My_Life
103002623	WIKI:EN:Dwayne_Johnson
103002623	WIKI:EN:Arthur_Masuaku
103002623	WIKI:EN:Morgan_Baker
103002623	WIKI:EN:Times_Square_Ball
103130914	WIKI:EN:Julianna_Guill
103130914	WIKI:EN:Carla_Morrison
103130914	WIKI:EN:Shawn_Mendes
103130914	WIKI:EN:Ideal_Home
103130914	WIKI:EN:Demi_Lovato
103130914	WIKI:EN:Fifth_Harmony
105437124	WIKI:EN:Havas
105437124	WIKI:EN:Michael_Kessler
105437124	WIKI:EN:Dan_Stemkoski
105437124	WIKI:EN:Nate_Simpson
105437124	WIKI:EN:Sat.1
105437124	WIKI:EN:Ashley_Davis
105569822	WIKI:EN:Karl_Lagerfeld
105569822	WIKI:EN:Emma_Watson
105569822	WIKI:EN:Regeneron
105569822	WIKI:EN:Julian_Casablancas
105569822	WIKI:EN:Kaya_Scodelario
105569822	WIKI:EN:Jackie_Jackson
1028067528	WIKI:EN:Jay_Pharoah
1028067528	WIKI:EN:Muhammad_Ali
1028067528	WIKI:EN:Darrell_Issa
1028067528	WIKI:EN:Daren_Millard
1028067528	WIKI:EN:Jamie_Foxx
1028067528	WIKI:EN:Ford_Foundation
104315635	WIKI:EN:Los_Campesinos!
104315635	WIKI:EN:Diego_Luna
104315635	WIKI:EN:Leonardo_de_Lozanne
104315635	WIKI:EN:Motor_Cycle_News
104315635	WIKI:EN:Ely_Guerra
104315635	WIKI:EN:Agent_Carter_(TV_series)
1056631249	WIKI:EN:Veronica_Belmont
1056631249	WIKI:EN:Niki_Taylor
1056631249	WIKI:EN:Felicia_Day
1056631249	WIKI:EN:Nathan_Fillion
1056631249	WIKI:EN:Dylan_Minnette
1056631249	WIKI:EN:Bruce_Gilden
100649594	WIKI:EN:Kevin
100649594	WIKI:EN:Bryan_Cranston
100649594	WIKI:EN:Aaron_Paul
100649594	WIKI:EN:Philip_Pullman
100649594	WIKI:EN:Frank_Quattrone
100649594	WIKI:EN:BBC_Radio_4
1018765028	WIKI:EN:Fernando
1018765028	WIKI:EN:The_New_Yorker
1018765028	WIKI:EN:Augusten_Burroughs
1018765028	WIKI:EN:Chuck_Bass
1018765028	WIKI:EN:Guillermo_Ochoa
1018765028	WIKI:EN:Shaun_Cooper
101210203	WIKI:EN:Vodafone_Egypt
101210203	WIKI:EN:Aura_Cristina_Geithner
101210203	WIKI:EN:Kum_&_Go
101210203	WIKI:EN:Amr_Diab
101210203	WIKI:EN:Melissa_Thomas
101210203	WIKI:EN:Google
101570656	WIKI:EN:Tammara_Webber
101570656	WIKI:EN:Linda_Ramone
101570656	WIKI:EN:Brushfire_Records
101570656	WIKI:EN:Anne_Lamott
101570656	WIKI:EN:Ellen_DeGeneres
101570656	WIKI:EN:Colleen_Hoover
100861785	WIKI:EN:Switchfoot
100861785	WIKI:EN:Pingdom
100861785	WIKI:EN:Sanctus_Real
100861785	WIKI:EN:Jimmy_Palmiotti
100861785	WIKI:EN:Sydney_Festival
100861785	WIKI:EN:Barack_Obama
1030526876	WIKI:EN:Shakira
1030526876	WIKI:EN:Conrad_Black
1030526876	WIKI:EN:Taylor_Swift
1030526876	WIKI:EN:Paresh_Patel
1030526876	WIKI:EN:Tim_Farley
1030526876	WIKI:EN:Justin_Timberlake
1047769183	WIKI:EN:Vivian_Schiller
1047769183	WIKI:EN:Steve_Wolfhard
1047769183	WIKI:EN:One_Direction
1047769183	WIKI:EN:Franceska_Jaimes
1047769183	WIKI:EN:Liam
1047769183	WIKI:EN:Louis_Tomlinson
106110069	WIKI:EN:Superinteressante
106110069	WIKI:EN:Kasper_Schmeichel
106110069	WIKI:EN:Dilma_Rousseff
106110069	WIKI:EN:Darren_Swimmer
106110069	WIKI:EN:TV_Cultura
106110069	WIKI:EN:Jisc
101408415	WIKI:EN:Alejandro_Jodorowsky
101408415	WIKI:EN:NetBeans
101408415	WIKI:EN:The_Ad_Club
101408415	WIKI:EN:Love_of_Lesbian
101408415	WIKI:EN:Adam_Sandler
101408415	WIKI:EN:Insite
1044006126	WIKI:EN:Muslim_Girl
1044006126	WIKI:EN:Pinterest
1044006126	WIKI:EN:Karen_Olivo
1044006126	WIKI:EN:Barnes_&_Noble
1044006126	WIKI:EN:Goodreads
1044006126	WIKI:EN:Kirsty
1006489586	WIKI:EN:Katya_Zamolodchikova
1006489586	WIKI:EN:Rux
1006489586	WIKI:EN:Alyson_Court
1006489586	WIKI:EN:Animal_Collective
1006489586	WIKI:EN:Chelsea_Peretti
1006489586	WIKI:EN:Nabilla_Benattia
1047934177	WIKI:EN:Lanyrd
1047934177	WIKI:EN:Jenna_Marbles
1047934177	WIKI:EN:Slapshock
1047934177	WIKI:EN:Coldplay
1047934177	WIKI:EN:Atom_Araullo
1047934177	WIKI:EN:Joel_Goldman
1054797607	WIKI:EN:Ploughshares
1054797607	WIKI:EN:Discover_Ireland
1054797607	WIKI:EN:Fifty_Shades_Freed
1054797607	WIKI:EN:Fernando_Alonso
1054797607	WIKI:EN:Bobby_Valentine
1054797607	WIKI:EN:Danilo
1041461594	WIKI:EN:Simon_&_Schuster
1041461594	WIKI:EN:AnimaNaturalis
1041461594	WIKI:EN:Goodreads
1041461594	WIKI:EN:Rafizi_Ramli
1041461594	WIKI:EN:Ralphie_May
1041461594	WIKI:EN:Kensington_Books
100581547	WIKI:EN:Jared_Leto
100581547	WIKI:EN:Pablo
100581547	WIKI:EN:Geoff_Lloyd
100581547	WIKI:EN:GIO
100581547	WIKI:EN:Air_France
100581547	WIKI:EN:Ian_Somerhalder
1008247771	WIKI:EN:Demi_Lovato
1008247771	WIKI:EN:Justin_Bieber
1008247771	WIKI:EN:Ralph_Bakshi
1008247771	WIKI:EN:One_Direction
1008247771	WIKI:EN:MC_Hammer
1008247771	WIKI:EN:Craig_Fisher
101721345	WIKI:EN:50_Cent
101721345	WIKI:EN:Lady_Gaga
101721345	WIKI:EN:Kass
101721345	WIKI:EN:Melissa_Gonzalez
101721345	WIKI:EN:Lenny_Kravitz
101721345	WIKI:EN:Anthony_Rizzo
104521127	WIKI:EN:Ashley_Taylor_Dawson
104521127	WIKI:EN:Kat_Perkins
104521127	WIKI:EN:Tyler,_The_Creator
104521127	WIKI:EN:Matty_Mullins
104521127	WIKI:EN:Solange_Knowles
104521127	WIKI:EN:Nicki_Minaj
1058489468	WIKI:EN:One_Direction
1058489468	WIKI:EN:Niall_Horan
1058489468	WIKI:EN:Matt_Jarvis
1058489468	WIKI:EN:Kevin_Interdonato
1058489468	WIKI:EN:Liam
1058489468	WIKI:EN:Thabo_Sefolosha
103828607	WIKI:EN:Mia_Malkova
103828607	WIKI:EN:Billy_Duffy
103828607	WIKI:EN:Barack_Obama
103828607	WIKI:EN:Gabriela_Michetti
103828607	WIKI:EN:Aubrey_de_Grey
103828607	WIKI:EN:Patricia_Bullrich
1049003036	WIKI:EN:Christy_Nockels
1049003036	WIKI:EN:Haluk_Levent
1049003036	WIKI:EN:UEFA_Europa_League
1049003036	WIKI:EN:Cristiano_Ronaldo
1049003036	WIKI:EN:Diamond_Dallas_Page
1049003036	WIKI:EN:Angie_Tribeca
1050022700	WIKI:EN:CD_Alhaurino
1050022700	WIKI:EN:Khairy_Jamaluddin
1050022700	WIKI:EN:Syamsul_Yusof
1050022700	WIKI:EN:Babbel
1050022700	WIKI:EN:Paul_Shaffer
1050022700	WIKI:EN:Lisa_Surihani
103117989	WIKI:EN:David_Guetta
103117989	WIKI:EN:Bonhams
103117989	WIKI:EN:Blended_(film)
103117989	WIKI:EN:Beto_Ortiz
103117989	WIKI:EN:Face_book
103117989	WIKI:EN:Alan_Yang
103804651	WIKI:EN:Girls'_Generation
103804651	WIKI:EN:PsychAlive
103804651	WIKI:EN:The_Public_Theater
103804651	WIKI:EN:Marvet_Britto
103804651	WIKI:EN:Zaytung
103804651	WIKI:EN:Nikki_Valdez
1052881836	WIKI:EN:Cadw
1052881836	WIKI:EN:Niall_Horan
1052881836	WIKI:EN:Ryan_Sampson
1052881836	WIKI:EN:Juan_Varela
1052881836	WIKI:EN:One_Direction
1052881836	WIKI:EN:Louis_Tomlinson
1013618389	WIKI:EN:Henry_Blodget
1013618389	WIKI:EN:Fairway_Solitaire
1013618389	WIKI:EN:Bruce_Venture
1013618389	WIKI:EN:Couleur_3
1013618389	WIKI:EN:Justin_Bieber
1013618389	WIKI:EN:Dani_Rovira
1003950506	WIKI:EN:Helsingin_Sanomat
1003950506	WIKI:EN:Jeff_Norton
1003950506	WIKI:EN:Alexander_Stubb
1003950506	WIKI:EN:Jake_Hurwitz
1003950506	WIKI:EN:Michael_Shure
1003950506	WIKI:EN:Alf_Rehn
1037439548	WIKI:EN:Demi_Lovato
1037439548	WIKI:EN:Kris_Jenner
1037439548	WIKI:EN:Bea_Alonzo
1037439548	WIKI:EN:Mekhi_Phifer
1037439548	WIKI:EN:Robert_Kardashian
1037439548	WIKI:EN:Jim_Acosta
103917375	WIKI:EN:Nick_Zinner
103917375	WIKI:EN:Bill_Gates
103917375	WIKI:EN:Carlos_Loret_de_Mola
103917375	WIKI:EN:Jayme_Dee
103917375	WIKI:EN:Tom_Cullen
103917375	WIKI:EN:Ludwika_Paleta
105168385	WIKI:EN:Rick_Barnes
105168385	WIKI:EN:Spencer_Ackerman
105168385	WIKI:EN:The_Lonely_Island
105168385	WIKI:EN:Joy_Behar
105168385	WIKI:EN:Ghost_Adventures
105168385	WIKI:EN:Aziz_Ansari
102144889	WIKI:EN:Tim_Masthay
102144889	WIKI:EN:Matt_Barnes
102144889	WIKI:EN:Jason_Bent
102144889	WIKI:EN:You_Me_at_Six
102144889	WIKI:EN:T-Pain
102144889	WIKI:EN:Travis_Barker
105318640	WIKI:EN:Naomi_Wolf
105318640	WIKI:EN:British_Council
105318640	WIKI:EN:Roger_Ebert
105318640	WIKI:EN:Laurell_K._Hamilton
105318640	WIKI:EN:Earth_Hour
105318640	WIKI:EN:Troy_Vincent
1030233325	WIKI:EN:Louis_Tomlinson
1030233325	WIKI:EN:Come_Dine_with_Me
1030233325	WIKI:EN:Christian_Ehrhoff
1030233325	WIKI:EN:One_Direction
1030233325	WIKI:EN:Audra_McDonald
1030233325	WIKI:EN:Niall_Horan
104127252	WIKI:EN:Isabel
104127252	WIKI:EN:Pat_Forde
104127252	WIKI:EN:The_Score_Group
104127252	WIKI:EN:Utah_Jazz
104127252	WIKI:EN:Snaptu
104127252	WIKI:EN:The_Jewish_Chronicle
1029025598	WIKI:EN:Motionless_in_White
1029025598	WIKI:EN:Minnesota_State_Fair
1029025598	WIKI:EN:ComiXology
1029025598	WIKI:EN:Shy'm
1029025598	WIKI:EN:Phil_Lester
1029025598	WIKI:EN:Warped_Tour
101801111	WIKI:EN:Tavis_Smiley
101801111	WIKI:EN:Scott_Adkins
101801111	WIKI:EN:George_Salazar
101801111	WIKI:EN:Joel_Campbell
101801111	WIKI:EN:Yeltsin_Tejeda
101801111	WIKI:EN:Ray_William_Johnson
100004041	WIKI:EN:Reynaldo_Gianecchini
100004041	WIKI:EN:Sean_Ringgold
100004041	WIKI:EN:Miguel_Falabella
100004041	WIKI:EN:Rafinha_Bastos
100004041	WIKI:EN:Tom_Danielson
100004041	WIKI:EN:Oscar_Filho
1000874750	WIKI:EN:David_Faitelson
1000874750	WIKI:EN:Andy_Vernon
1000874750	WIKI:EN:Premier_League
1000874750	WIKI:EN:Pablo_Carrillo
1000874750	WIKI:EN:Sen_Dog
1000874750	WIKI:EN:Hello_Seahorse!
1009630860	WIKI:EN:Fantasy_author
1009630860	WIKI:EN:Wendy_Higgins
1009630860	WIKI:EN:Rocco_Siffredi
1009630860	WIKI:EN:Bob_Garfield
1009630860	WIKI:EN:Josh_Martinez
1009630860	WIKI:EN:Ruth_Silver
1004743650	WIKI:EN:Louis_Tomlinson
1004743650	WIKI:EN:One_Direction
1004743650	WIKI:EN:Karina_Carvalho
1004743650	WIKI:EN:Guy_Verhofstadt
1004743650	WIKI:EN:Cloudera
1004743650	WIKI:EN:Niall_Horan
1019910242	WIKI:EN:Phillip_Buchanon
1019910242	WIKI:EN:Don_Nichols
1019910242	WIKI:EN:Richard_Branson
1019910242	WIKI:EN:Anna_Holmes
1019910242	WIKI:EN:Will_Ferrell
1019910242	WIKI:EN:Warren_Buffett
1004487295	WIKI:EN:Nicky_Romero
1004487295	WIKI:EN:Idris_Elba
1004487295	WIKI:EN:Dwayne_Johnson
1004487295	WIKI:EN:Talita
1004487295	WIKI:EN:Monica_Raymund
1004487295	WIKI:EN:Tinka_Milinovi?
1007586636	WIKI:EN:Britney_Spears
1007586636	WIKI:EN:Rihanna
1007586636	WIKI:EN:Evanna_Lynch
1007586636	WIKI:EN:Megalyn_Echikunwoke
1007586636	WIKI:EN:Princess_Cruises
1007586636	WIKI:EN:Lady_Gaga
101894464	WIKI:EN:Justin_Bieber
101894464	WIKI:EN:Booba
101894464	WIKI:EN:Selena_Gomez
101894464	WIKI:EN:Demi_Lovato
101894464	WIKI:EN:Veronica_Webb
101894464	WIKI:EN:Khaled_El_Nabawy
1059669246	WIKI:EN:Katya_Zamolodchikova
1059669246	WIKI:EN:Zendaya
1059669246	WIKI:EN:Weak13
1059669246	WIKI:EN:Ellie_Krieger
1059669246	WIKI:EN:Robin_Hobb
1059669246	WIKI:EN:Bernie_Sanders
1023010538	WIKI:EN:Carla
1023010538	WIKI:EN:Naty
1023010538	WIKI:EN:Hailee_Steinfeld
1023010538	WIKI:EN:Ansel_Elgort
1023010538	WIKI:EN:Ece
1023010538	WIKI:EN:Ray_Wise
103289920	WIKI:EN:Heather_Spohr
103289920	WIKI:EN:Le_Castle_Vania
103289920	WIKI:EN:Lady_Gaga
103289920	WIKI:EN:Shakira
103289920	WIKI:EN:MTV_Spain
103289920	WIKI:EN:Andy_Butler
1057613264	WIKI:EN:Cam_Atkinson
1057613264	WIKI:EN:Mauricio_Pinilla
1057613264	WIKI:EN:Trace_Beaulieu
1057613264	WIKI:EN:Camila_Vallejo
1057613264	WIKI:EN:La_Tercera
1057613264	WIKI:EN:Etro
104438673	WIKI:EN:FEMNET
104438673	WIKI:EN:Dan_Soder
104438673	WIKI:EN:Sally_Ann_Matthews
104438673	WIKI:EN:Silvia_Olmedo
104438673	WIKI:EN:Lady_Gaga
104438673	WIKI:EN:Nelly_Furtado
10495702	WIKI:EN:Dilbert
10495702	WIKI:EN:Sid_Lowe
10495702	WIKI:EN:Ricky_Rubio
10495702	WIKI:EN:Cisco_TelePresence
10495702	WIKI:EN:Xabi_Alonso
10495702	WIKI:EN:Catherine_Green
1031751391	WIKI:EN:Milan_Lucic
1031751391	WIKI:EN:Heritage_Auctions
1031751391	WIKI:EN:Sway_Calloway
1031751391	WIKI:EN:BBC_Brasil
1031751391	WIKI:EN:SLAM_Magazine
1031751391	WIKI:EN:Yelawolf
105099349	WIKI:EN:Jimmy_Carr
105099349	WIKI:EN:Hilltop_Hoods
105099349	WIKI:EN:Russell_Brand
105099349	WIKI:EN:The_Daily_Advertiser_(Lafayette)
105099349	WIKI:EN:Ethan_Nadelmann
105099349	WIKI:EN:Maggie_Stiefvater
1044602276	WIKI:EN:Sarah_Posner
1044602276	WIKI:EN:Kellie_Bright
1044602276	WIKI:EN:Pastora_Soler
1044602276	WIKI:EN:Rosario_Flores
1044602276	WIKI:EN:Mario_Casas
1044602276	WIKI:EN:Josh_Marshall
104917165	WIKI:EN:Denise_Rosenthal
104917165	WIKI:EN:La_Tercera
104917165	WIKI:EN:Dragon_City
104917165	WIKI:EN:John_Kincade
104917165	WIKI:EN:Wynne_Evans
104917165	WIKI:EN:Ariel_Levy
1043840479	WIKI:EN:Versace
1043840479	WIKI:EN:The_Luminary
1043840479	WIKI:EN:JaCoby_Jones
1043840479	WIKI:EN:Voxy
1043840479	WIKI:EN:Popular_science
1043840479	WIKI:EN:Super_Duper
1046874044	WIKI:EN:Andrew_McMahon
1046874044	WIKI:EN:Bad_Suns
1046874044	WIKI:EN:Jamba_Juice
1046874044	WIKI:EN:Lotto_Max
1046874044	WIKI:EN:AJ+
1046874044	WIKI:EN:Education_policy
1025117072	WIKI:EN:Matt_Paradis
1025117072	WIKI:EN:Bill_Nye
1025117072	WIKI:EN:Neil_deGrasse_Tyson
1025117072	WIKI:EN:Carol_Hansen
1025117072	WIKI:EN:Cyanide_&_Happiness
1025117072	WIKI:EN:Tessa_Kennedy
101140731	WIKI:EN:Anton_Newcombe
101140731	WIKI:EN:Noticias_Caracol
101140731	WIKI:EN:Ryan_Devlin
101140731	WIKI:EN:Noticias_Uno
101140731	WIKI:EN:Vladdo
101140731	WIKI:EN:The_Last_Shadow_Puppets
104714436	WIKI:EN:Tyra_Banks
104714436	WIKI:EN:Barack_Obama
104714436	WIKI:EN:Robin_Wasserman
104714436	WIKI:EN:Rebecca_MacKinnon
104714436	WIKI:EN:Gayle_King
104714436	WIKI:EN:Saddleback_Church
1012258477	WIKI:EN:Mamas_&_Papas
1012258477	WIKI:EN:Chris_Dave
1012258477	WIKI:EN:Naomi_Watts
1012258477	WIKI:EN:Lady_Gaga
1012258477	WIKI:EN:Coldplay
1012258477	WIKI:EN:TRXYE
103342595	WIKI:EN:Joe_Jonas
103342595	WIKI:EN:Demi_Lovato
103342595	WIKI:EN:Profound_Lore_Records
103342595	WIKI:EN:La_Chat
103342595	WIKI:EN:Xero_Shoes
103342595	WIKI:EN:J.
1026298681	WIKI:EN:Fiksimini
1026298681	WIKI:EN:KCEE
1026298681	WIKI:EN:Chicago_Tribune
1026298681	WIKI:EN:Coldplay
1026298681	WIKI:EN:Jim_Halpert
1026298681	WIKI:EN:Maisie_Williams
1050147318	WIKI:EN:Lex_Veldhuis
1050147318	WIKI:EN:The_New_York_Times
1050147318	WIKI:EN:Hooman_Majd
1050147318	WIKI:EN:Arya_Stark
1050147318	WIKI:EN:Caryl_Chessman
1050147318	WIKI:EN:Kasra_Naji
100499327	WIKI:EN:Nigel_Robertson
100499327	WIKI:EN:Scott_Forstall
100499327	WIKI:EN:Los_Andes_(Mendoza)
100499327	WIKI:EN:Linkin_Park
100499327	WIKI:EN:Hancinema
100499327	WIKI:EN:Yen_Press
1033729885	WIKI:EN:Megadeth
1033729885	WIKI:EN:Education_policy
1033729885	WIKI:EN:SportsCenter
1033729885	WIKI:EN:David_Ellefson
1033729885	WIKI:EN:Metallica
1033729885	WIKI:EN:Vooruit
1057995750	WIKI:EN:Genome_Biology
1057995750	WIKI:EN:Bob_Levy_(comedian)
1057995750	WIKI:EN:Third_Man_Records
1057995750	WIKI:EN:Kelley_O'Hara
1057995750	WIKI:EN:Scannerfm
1057995750	WIKI:EN:Rockdelux
1047280824	WIKI:EN:One_Direction
1047280824	WIKI:EN:Rihanna
1047280824	WIKI:EN:Dom_Irrera
1047280824	WIKI:EN:Emile_Hirsch
1047280824	WIKI:EN:Nicki_Minaj
1047280824	WIKI:EN:Chloe
1053015865	WIKI:EN:Modern_Art_Oxford
1053015865	WIKI:EN:Justin_Timberlake
1053015865	WIKI:EN:Demi_Lovato
1053015865	WIKI:EN:Helen_Flanagan
1053015865	WIKI:EN:Emma_Watson
1053015865	WIKI:EN:Misha_Ge
105008436	WIKI:EN:Ray_Shah
105008436	WIKI:EN:Juliana_Paes
105008436	WIKI:EN:Amrit_Singh
105008436	WIKI:EN:Carlinhos
105008436	WIKI:EN:Sabrina_Sato
105008436	WIKI:EN:Richard_Blackwood
102873385	WIKI:EN:Scientific_American
102873385	WIKI:EN:National_Geographic
102873385	WIKI:EN:Waitrose
102873385	WIKI:EN:Science_News
102873385	WIKI:EN:Parker_Posey
102873385	WIKI:EN:The_Bucket_List
1057112401	WIKI:EN:Nikki_Jean
1057112401	WIKI:EN:Frank_Bruni
1057112401	WIKI:EN:Roc_Nation
1057112401	WIKI:EN:River_island
1057112401	WIKI:EN:Rihanna
1057112401	WIKI:EN:DAW_Books
1009327393	WIKI:EN:Betty
1009327393	WIKI:EN:Kevin_Spacey
1009327393	WIKI:EN:Barack_Obama
1009327393	WIKI:EN:Chilango
1009327393	WIKI:EN:Josh_Kelley
1009327393	WIKI:EN:OCLC
105421570	WIKI:EN:Ryan_Blaney
105421570	WIKI:EN:Muy_Interesante
105421570	WIKI:EN:Blair_Waldorf
105421570	WIKI:EN:Telediario
105421570	WIKI:EN:Hipstamatic
105421570	WIKI:EN:Avril_Lavigne
103866018	WIKI:EN:Andrew_Ripp
103866018	WIKI:EN:Alejandro_Fantino
103866018	WIKI:EN:Intel
103866018	WIKI:EN:Rolando_Schiavi
103866018	WIKI:EN:Scott_Borchetta
103866018	WIKI:EN:Okey_Ndibe
104111703	WIKI:EN:Peaceville_Records
104111703	WIKI:EN:Nurul_Izzah_Anwar
104111703	WIKI:EN:Anwar_Ibrahim
104111703	WIKI:EN:Louis_Roederer
104111703	WIKI:EN:Premier_League
104111703	WIKI:EN:Vodafone_New_Zealand
1031412776	WIKI:EN:Diana_Gabaldon
1031412776	WIKI:EN:Tommy_Tee
1031412776	WIKI:EN:Writer's_Digest
1031412776	WIKI:EN:Joe_Ingles
1031412776	WIKI:EN:Kurt_Hummel
1031412776	WIKI:EN:Ree_Drummond
104662808	WIKI:EN:Carolina_de_Moras
104662808	WIKI:EN:YouTube
104662808	WIKI:EN:Radio_Monte_Carlo
104662808	WIKI:EN:T._A._Barron
104662808	WIKI:EN:Indiana_Pacers
104662808	WIKI:EN:Laurence_Golborne
1048163100	WIKI:EN:Nate_Lanxon
1048163100	WIKI:EN:Mark_Zuckerberg
1048163100	WIKI:EN:Shelly_Martinez
1048163100	WIKI:EN:Rammstein
1048163100	WIKI:EN:Face_book
1048163100	WIKI:EN:Katherine
104914914	WIKI:EN:Adam_Bouska
104914914	WIKI:EN:Astrophotography
104914914	WIKI:EN:Fully_Booked
104914914	WIKI:EN:The_Playground
104914914	WIKI:EN:Delilah_Blue
104914914	WIKI:EN:DJ_Rap
101972486	WIKI:EN:Cin�polis
101972486	WIKI:EN:Chilango
101972486	WIKI:EN:Mar�a_Jos�_(singer)
101972486	WIKI:EN:David_Carreira
101972486	WIKI:EN:House_of_Anubis
101972486	WIKI:EN:Sara_Maldonado
104914917	WIKI:EN:Entertainment_Weekly
104914917	WIKI:EN:Surabaya
104914917	WIKI:EN:Felguk
104914917	WIKI:EN:Google
104914917	WIKI:EN:Inquirer_Libre
104914917	WIKI:EN:Next_to_Normal
102155500	WIKI:EN:Justin_Abdelkader
102155500	WIKI:EN:Javier_Alatorre
102155500	WIKI:EN:Raven_Software
102155500	WIKI:EN:Gabe_Zichermann
102155500	WIKI:EN:PROFECO
102155500	WIKI:EN:Aleks_Syntek
1047023743	WIKI:EN:Logan_Henderson
1047023743	WIKI:EN:Johnnyswim
1047023743	WIKI:EN:Kendall_Schmidt
1047023743	WIKI:EN:Eric_Wareheim
1047023743	WIKI:EN:Kedaulatan_Rakyat
1047023743	WIKI:EN:James_Maslow
100382381	WIKI:EN:Ilwad_Elman
100382381	WIKI:EN:Consuelo_Duval
100382381	WIKI:EN:Trey_Songz
100382381	WIKI:EN:Chilango
100382381	WIKI:EN:Pratt_Institute
100382381	WIKI:EN:Pedro_Ferriz_de_Con
1020415165	WIKI:EN:Kendrick_Lamar
1020415165	WIKI:EN:Alireza
1020415165	WIKI:EN:Mark_Kirk
1020415165	WIKI:EN:Ravel_Morrison
1020415165	WIKI:EN:Melanie_C
1020415165	WIKI:EN:Deji
1037660724	WIKI:EN:Madison_Beer
1037660724	WIKI:EN:Nedbank
1037660724	WIKI:EN:Justin_Bieber
1037660724	WIKI:EN:Richie_Porte
1037660724	WIKI:EN:Cher_Lloyd
1037660724	WIKI:EN:Stillborn_Records
104267462	WIKI:EN:Alan_Davie
104267462	WIKI:EN:Ab-Soul
104267462	WIKI:EN:Kendrick_Lamar
104267462	WIKI:EN:Guy_Benson
104267462	WIKI:EN:Schoolboy_Q
104267462	WIKI:EN:Tobias_Ellwood
1037218188	WIKI:EN:China_Daily
1037218188	WIKI:EN:Amy_Brenneman
1037218188	WIKI:EN:Ian_Harding
1037218188	WIKI:EN:Stana_Katic
1037218188	WIKI:EN:Fabio_Volo
1037218188	WIKI:EN:Jessica_Capshaw
101865955	WIKI:EN:Stig_Abell
101865955	WIKI:EN:Stephen_Silver
101865955	WIKI:EN:Kasper_Schmeichel
101865955	WIKI:EN:Peter_Schmeichel
101865955	WIKI:EN:Daniel_Agger
101865955	WIKI:EN:Sterling_Archer
10276932	WIKI:EN:Anderson_Cooper
10276932	WIKI:EN:Jason_Kottke
10276932	WIKI:EN:StumbleUpon
10276932	WIKI:EN:Donnie_Klang
10276932	WIKI:EN:Sol_Republic
10276932	WIKI:EN:Neil_Gaiman
1010171508	WIKI:EN:Scott_Krinsky
1010171508	WIKI:EN:Louis_Tomlinson
1010171508	WIKI:EN:Rutledge_Wood
1010171508	WIKI:EN:Liam
1010171508	WIKI:EN:Niall_Horan
1010171508	WIKI:EN:Kent_Messenger
1049623170	WIKI:EN:HubSpot
1049623170	WIKI:EN:Monique
1049623170	WIKI:EN:Maria_Ressa
1049623170	WIKI:EN:Alessandra_De_Rossi
1049623170	WIKI:EN:Coscom_Entertainment
1049623170	WIKI:EN:Marcell_Jansen
10491382	WIKI:EN:John_Battelle
10491382	WIKI:EN:Roddy_Bottum
10491382	WIKI:EN:Daniel_Holloway
10491382	WIKI:EN:Mateus_Solano
10491382	WIKI:EN:Rich_Barton
10491382	WIKI:EN:The_Economist
102449580	WIKI:EN:Emirates_24/7
102449580	WIKI:EN:Wolf_Blitzer
102449580	WIKI:EN:Eugenio_Derbez
102449580	WIKI:EN:Nicky_Romero
102449580	WIKI:EN:Atlanta_Falcons
102449580	WIKI:EN:Mike_Krieger
1036032132	WIKI:EN:Jessica_Sanchez
1036032132	WIKI:EN:Bruno_Mars
1036032132	WIKI:EN:Inhotim
1036032132	WIKI:EN:Evan_Sanders
1036032132	WIKI:EN:ABS-CBN_News_Channel
1036032132	WIKI:EN:Annabel_Crabb
1041275712	WIKI:EN:Guy_Fieri
1041275712	WIKI:EN:Jennifer_Nettles
1041275712	WIKI:EN:Shona_McGarty
1041275712	WIKI:EN:Lou_Dobbs
1041275712	WIKI:EN:Rachael_Ray
1041275712	WIKI:EN:Goodreads
1042671271	WIKI:EN:Emma_Watson
1042671271	WIKI:EN:Marisa_Miller
1042671271	WIKI:EN:Samaritan's_Purse
1042671271	WIKI:EN:Taylor_Swift
1042671271	WIKI:EN:Juergen_Mayer
1042671271	WIKI:EN:Ed_Sheeran
100008460	WIKI:EN:Laura_Berg
100008460	WIKI:EN:Josh_Earl
100008460	WIKI:EN:MTV_News
100008460	WIKI:EN:Fall_Out_Boy
100008460	WIKI:EN:Shannon_Leto
100008460	WIKI:EN:Drea
1048052941	WIKI:EN:Barnardo's
1048052941	WIKI:EN:Sergio_Aguayo
1048052941	WIKI:EN:Cristiano_Ronaldo
1048052941	WIKI:EN:Craig_Ramsay
1048052941	WIKI:EN:Xabi_Alonso
1048052941	WIKI:EN:Real_Madrid_C.F.
1001865625	WIKI:EN:National_Basketball_Association
1001865625	WIKI:EN:Keith_Jenkins
1001865625	WIKI:EN:ESPN
1001865625	WIKI:EN:Sky_Sports
1001865625	WIKI:EN:Dave_Mooney
1001865625	WIKI:EN:GradeAUnderA
1006497258	WIKI:EN:Big_Cat_Rescue
1006497258	WIKI:EN:Jen_Selter
1006497258	WIKI:EN:Matthew_Segal
1006497258	WIKI:EN:Ceza
1006497258	WIKI:EN:LeBron_James
1006497258	WIKI:EN:Marmot_(company)
1015789555	WIKI:EN:Esporte_Interativo
1015789555	WIKI:EN:Netflix
1015789555	WIKI:EN:Khalid_Abdalla
1015789555	WIKI:EN:Hermitude
1015789555	WIKI:EN:London_Broncos
1015789555	WIKI:EN:FC_Barcelona
1030099532	WIKI:EN:Pedro_Alfonso
1030099532	WIKI:EN:James_Wan
1030099532	WIKI:EN:Demi_Lovato
1030099532	WIKI:EN:Melissa_Stark
1030099532	WIKI:EN:Taylor_Swift
1030099532	WIKI:EN:Jamba_Juice
104063445	WIKI:EN:Carles_Puyol
104063445	WIKI:EN:Gustavo_Cerati
104063445	WIKI:EN:BBC_Mundo
104063445	WIKI:EN:HUMO
104063445	WIKI:EN:Current_Archaeology
104063445	WIKI:EN:Eat_Real_Festival
101390694	WIKI:EN:Real_Madrid_C.F.
101390694	WIKI:EN:Ashton_Kutcher
101390694	WIKI:EN:Mono/Poly
101390694	WIKI:EN:Jadakiss
101390694	WIKI:EN:Barney_Stinson
101390694	WIKI:EN:Paramore
102520211	WIKI:EN:The_Engine_Shed
102520211	WIKI:EN:Dash_Berlin
102520211	WIKI:EN:Katie
102520211	WIKI:EN:NASA
102520211	WIKI:EN:Katy_Perry
102520211	WIKI:EN:Anthony_Morrow
104608417	WIKI:EN:Polo_Polo
104608417	WIKI:EN:Chilango
104608417	WIKI:EN:Nature_Canada
104608417	WIKI:EN:Mockingjay
104608417	WIKI:EN:Anurag_Thakur
104608417	WIKI:EN:Cinemex
1055062825	WIKI:EN:Laurie_Penny
1055062825	WIKI:EN:Chanel
1055062825	WIKI:EN:Richard_Sambrook
1055062825	WIKI:EN:Rihanna
1055062825	WIKI:EN:Kyle_Noke
1055062825	WIKI:EN:Nicki_Minaj
103901070	WIKI:EN:Noticieros_Televisa
103901070	WIKI:EN:Misha_Omar
103901070	WIKI:EN:CNN
103901070	WIKI:EN:Dalai_Lama
103901070	WIKI:EN:Arnesa
103901070	WIKI:EN:Zoltan_Istvan
1009020169	WIKI:EN:Angelique_Kerber
1009020169	WIKI:EN:Hannover_96
1009020169	WIKI:EN:Boris_Becker
1009020169	WIKI:EN:John_Smit
1009020169	WIKI:EN:Chuck_Inglish
1009020169	WIKI:EN:Ryan_Reyes
1002370621	WIKI:EN:Paulina_Rubio
1002370621	WIKI:EN:WebMD
1002370621	WIKI:EN:Voice_of_the_Martyrs
1002370621	WIKI:EN:Katharine_Hayhoe
1002370621	WIKI:EN:Juanes
1002370621	WIKI:EN:Lady_Gaga
1039128638	WIKI:EN:Volcom_Entertainment
1039128638	WIKI:EN:Luanne_Rice
1039128638	WIKI:EN:Hannibal_Buress
1039128638	WIKI:EN:Eloisa_James
1039128638	WIKI:EN:Meg_Cabot
1039128638	WIKI:EN:Jon_Bernthal
1012241618	WIKI:EN:Brad_Feld
1012241618	WIKI:EN:Niall_Horan
1012241618	WIKI:EN:Louis_Tomlinson
1012241618	WIKI:EN:Michael_O'Hare
1012241618	WIKI:EN:Liam
1012241618	WIKI:EN:KaDee_Strickland
1052719579	WIKI:EN:One_Direction
1052719579	WIKI:EN:Tareq_Salahi
1052719579	WIKI:EN:Digital_Journal
1052719579	WIKI:EN:Fernando_Navarro
1052719579	WIKI:EN:Niall_Horan
1052719579	WIKI:EN:Louis_Tomlinson
1033212666	WIKI:EN:Joana
1033212666	WIKI:EN:Anderson_Cooper
1033212666	WIKI:EN:Greg_Hemphill
1033212666	WIKI:EN:CNN
1033212666	WIKI:EN:Graham_Elwood
1033212666	WIKI:EN:Ohio_Department_of_Natural_Resources
100031697	WIKI:EN:Rahul_Raj
100031697	WIKI:EN:David_Zurawik
100031697	WIKI:EN:Ian_Somerhalder
100031697	WIKI:EN:David_Gandy
100031697	WIKI:EN:Rolonda_Watts
100031697	WIKI:EN:Darren_Criss
101036488	WIKI:EN:Perez_Hilton
101036488	WIKI:EN:Lindsay_Lohan
101036488	WIKI:EN:Terry_Virgo
101036488	WIKI:EN:Shah_Rukh_Khan
101036488	WIKI:EN:Marc_Riley
101036488	WIKI:EN:Lauren_Conrad
1012511618	WIKI:EN:Justin_Bieber
1012511618	WIKI:EN:Marcelo_Tinelli
1012511618	WIKI:EN:Rihanna
1012511618	WIKI:EN:Barbara_Crampton
1012511618	WIKI:EN:Adrien_Silva
1012511618	WIKI:EN:Rainn_Wilson
1042531747	WIKI:EN:Adele
1042531747	WIKI:EN:Joan_Walsh
1042531747	WIKI:EN:Katy_Perry
1042531747	WIKI:EN:Pressparty
1042531747	WIKI:EN:Tom_Hiddleston
1042531747	WIKI:EN:Cdiscount
102791034	WIKI:EN:AnandTech
102791034	WIKI:EN:YouTube
102791034	WIKI:EN:Danielle_Nierenberg
102791034	WIKI:EN:Bear_Grylls
102791034	WIKI:EN:Linkin_Park
102791034	WIKI:EN:The_Beatles
104925609	WIKI:EN:Bhupender_Yadav
104925609	WIKI:EN:Paramore
104925609	WIKI:EN:Danilo_Gentili
104925609	WIKI:EN:Funny_or_Die
104925609	WIKI:EN:Dr._Rock
104925609	WIKI:EN:Nelly_Furtado
1006972200	WIKI:EN:Taylor_Swift
1006972200	WIKI:EN:Good_Energy
1006972200	WIKI:EN:Matthew_Keys
1006972200	WIKI:EN:Divino
1006972200	WIKI:EN:Niall_Horan
1006972200	WIKI:EN:Kelly_Clarkson
1012011308	WIKI:EN:DiAnn_Mills
1012011308	WIKI:EN:Mumford_&_Sons
1012011308	WIKI:EN:Santiago_Segura
1012011308	WIKI:EN:Phil_Hendrie
1012011308	WIKI:EN:The_All-American_Rejects
1012011308	WIKI:EN:Kim_Jong-un
1019070283	WIKI:EN:Calvin_Harris
1019070283	WIKI:EN:Resident_Evil
1019070283	WIKI:EN:AJ+
1019070283	WIKI:EN:Riley_Steele
1019070283	WIKI:EN:El_Universo
1019070283	WIKI:EN:Karla_Crome
100782381	WIKI:EN:Goodreads
100782381	WIKI:EN:Rah_Digga
100782381	WIKI:EN:Laurence
100782381	WIKI:EN:San_Diego_Padres
100782381	WIKI:EN:Paul_Solomon
100782381	WIKI:EN:Penguin_Random_House
1040784312	WIKI:EN:Chris
1040784312	WIKI:EN:Branden_Steineckert
1040784312	WIKI:EN:Champs_Sports
1040784312	WIKI:EN:Dot_da_Genius
1040784312	WIKI:EN:Mr._Rager
1040784312	WIKI:EN:Filibuster
1038012194	WIKI:EN:GoPro
1038012194	WIKI:EN:Lucy_O'Brien
1038012194	WIKI:EN:Terry_Richardson
1038012194	WIKI:EN:Gord_Stellick
1038012194	WIKI:EN:Klingande
1038012194	WIKI:EN:Jerrold_Tarog
104385677	WIKI:EN:Doritos
104385677	WIKI:EN:El_Malpensante
104385677	WIKI:EN:Tony_Fernandes
104385677	WIKI:EN:Rihanna
104385677	WIKI:EN:Siti_Nurhaliza
104385677	WIKI:EN:Manuel_Teodoro
103876251	WIKI:EN:Kevin_Woo
103876251	WIKI:EN:Eddsworld
103876251	WIKI:EN:Maddy
103876251	WIKI:EN:Jo_Kwon
103876251	WIKI:EN:Lisa_Maffia
103876251	WIKI:EN:Leeteuk
104308467	WIKI:EN:Bobbie_Houston
104308467	WIKI:EN:David_Plante
104308467	WIKI:EN:A21
104308467	WIKI:EN:Desmond_Jennings
104308467	WIKI:EN:Ashley_Tisdale
104308467	WIKI:EN:James_Adomian
1051240908	WIKI:EN:Hope_Akpan
1051240908	WIKI:EN:Annabel
1051240908	WIKI:EN:American_Bankers_Association
1051240908	WIKI:EN:Carlos_Bacca
1051240908	WIKI:EN:Rihanna
1051240908	WIKI:EN:Leandra
100552039	WIKI:EN:John_C._Dvorak
100552039	WIKI:EN:Sergei_Bobrovsky
100552039	WIKI:EN:Rainn_Wilson
100552039	WIKI:EN:Guido_Henkel
100552039	WIKI:EN:Conan_O'Brien
100552039	WIKI:EN:The_All_American
1049162425	WIKI:EN:Will_Schuester
1049162425	WIKI:EN:Mojang
1049162425	WIKI:EN:Runtastic
1049162425	WIKI:EN:TransUnion
1049162425	WIKI:EN:Anthony_Davidson
1049162425	WIKI:EN:Jens_Bergensten
1017330493	WIKI:EN:Coldplay
1017330493	WIKI:EN:Kyan_Khojandi
1017330493	WIKI:EN:Mycroft_Holmes
1017330493	WIKI:EN:Hope_for_Paws
1017330493	WIKI:EN:Tom_Schaar
1017330493	WIKI:EN:Allaine
1000497458	WIKI:EN:Fantasy_author
1000497458	WIKI:EN:Andy_Straka
1000497458	WIKI:EN:Allu_Arjun
1000497458	WIKI:EN:State_Bank_of_India
1000497458	WIKI:EN:Ted_Goff
1000497458	WIKI:EN:Jackson_Hurst
10258252	WIKI:EN:Rea_Garvey
10258252	WIKI:EN:EMusic
10258252	WIKI:EN:Maud_Newton
10258252	WIKI:EN:Star_Trek_Online
10258252	WIKI:EN:Patrick_Stump
10258252	WIKI:EN:Barack_Obama
1053862592	WIKI:EN:Insound
1053862592	WIKI:EN:Justin_Bieber
1053862592	WIKI:EN:Nate_Lanxon
1053862592	WIKI:EN:Taylor_Swift
1053862592	WIKI:EN:Demi_Lovato
1053862592	WIKI:EN:Super_45
1033016544	WIKI:EN:Avril_Lavigne
1033016544	WIKI:EN:Taylor_Momsen
1033016544	WIKI:EN:Jeordie_White
1033016544	WIKI:EN:OnStar
1033016544	WIKI:EN:Tanya_Tate
1033016544	WIKI:EN:Lady_Gaga
1044955489	WIKI:EN:New_York_&_Company
1044955489	WIKI:EN:Cricket_Australia
1044955489	WIKI:EN:Astro_Awani
1044955489	WIKI:EN:James_Mates
1044955489	WIKI:EN:Crunchyroll
1044955489	WIKI:EN:Premier_League
1006380030	WIKI:EN:WINN
1006380030	WIKI:EN:Shawn_Ryan
1006380030	WIKI:EN:Nic
1006380030	WIKI:EN:Marlies_Dekkers
1006380030	WIKI:EN:Royal_Botanic_Garden_Edinburgh
1006380030	WIKI:EN:Nini
106065829	WIKI:EN:Miley_Cyrus
106065829	WIKI:EN:Cock_Sparrer
106065829	WIKI:EN:Joseph_Gordon-Levitt
106065829	WIKI:EN:Ahmet_Kural
106065829	WIKI:EN:Mark_W._Bennett
106065829	WIKI:EN:Ariana_Grande
100610581	WIKI:EN:B9
100610581	WIKI:EN:Patrick_van_Aanholt
100610581	WIKI:EN:Larry_Walker
100610581	WIKI:EN:Justin_Bieber
100610581	WIKI:EN:David_Grosso
100610581	WIKI:EN:Scooter_Braun
1040612312	WIKI:EN:National_Geographic
1040612312	WIKI:EN:Mehmet_Oz
1040612312	WIKI:EN:Syamsul_Yusof
1040612312	WIKI:EN:George_Ludwig
1040612312	WIKI:EN:Glogster
1040612312	WIKI:EN:Shailene_Woodley
103130076	WIKI:EN:David_Nalbandian
103130076	WIKI:EN:Big_Bird
103130076	WIKI:EN:Bill_Ralston
103130076	WIKI:EN:Frank_Ocean
103130076	WIKI:EN:Roberto_Pettinato
103130076	WIKI:EN:Santiago_Segura
1026861175	WIKI:EN:Nath
1026861175	WIKI:EN:Lucy_Lane
1026861175	WIKI:EN:GIO
1026861175	WIKI:EN:Riri_Riza
1026861175	WIKI:EN:Isabel
1026861175	WIKI:EN:Steven_Lee_Olsen
102214545	WIKI:EN:Casey_Donahew
102214545	WIKI:EN:Katy_Perry
102214545	WIKI:EN:Jeff_Pearlman
102214545	WIKI:EN:Britney_Spears
102214545	WIKI:EN:Lady_Gaga
102214545	WIKI:EN:Maidenform
105457593	WIKI:EN:Seth_Maness
105457593	WIKI:EN:Eric_Schneiderman
105457593	WIKI:EN:Patricia_Bullrich
105457593	WIKI:EN:Andy_Burnham
105457593	WIKI:EN:Coldplay
105457593	WIKI:EN:Virgin_Media
105821710	WIKI:EN:Jason_Mraz
105821710	WIKI:EN:Andrew_Belle
105821710	WIKI:EN:Charlie_Brooks
105821710	WIKI:EN:Grace_Jones
105821710	WIKI:EN:Shaun_White
105821710	WIKI:EN:Chloe
1021270255	WIKI:EN:DetikCom
1021270255	WIKI:EN:Erik_Rubin
1021270255	WIKI:EN:Mira_Lesmana
1021270255	WIKI:EN:Bucky_Badger
1021270255	WIKI:EN:Acha_Septriasa
1021270255	WIKI:EN:Katharine_Hayhoe
103683926	WIKI:EN:Jamie_Hyneman
103683926	WIKI:EN:European_Policy_Centre
103683926	WIKI:EN:Tapatalk
103683926	WIKI:EN:Magic_8-Ball
103683926	WIKI:EN:Fernando_Amorebieta
103683926	WIKI:EN:Finesse_Mitchell
10321932	WIKI:EN:Matador_Network
10321932	WIKI:EN:Primark
10321932	WIKI:EN:Super_45
10321932	WIKI:EN:Brad_Potts
10321932	WIKI:EN:SJ_AB
10321932	WIKI:EN:Design_Observer
1021691316	WIKI:EN:Jimmy_Fallon
1021691316	WIKI:EN:Larry_Fong
1021691316	WIKI:EN:Hugh_Acheson
1021691316	WIKI:EN:Rove_McManus
1021691316	WIKI:EN:Six_Flags
1021691316	WIKI:EN:Republic_Records
1044832632	WIKI:EN:Rihanna
1044832632	WIKI:EN:Brad_Ellis
1044832632	WIKI:EN:Lady_Gaga
1044832632	WIKI:EN:Stefan_de_Vrij
1044832632	WIKI:EN:Rachelle_Ann_Go
1044832632	WIKI:EN:Ed_Sheeran
1025657472	WIKI:EN:Gwen_Stefani
1025657472	WIKI:EN:Metallica
1025657472	WIKI:EN:Holly_Marie_Combs
1025657472	WIKI:EN:Johanna_Rosaly
1025657472	WIKI:EN:Andy_Palmer
1025657472	WIKI:EN:Nearpod
104307126	WIKI:EN:Trivium_(band)
104307126	WIKI:EN:National_Basketball_Association
104307126	WIKI:EN:EMP_Merchandising
104307126	WIKI:EN:C.C._Chapman
104307126	WIKI:EN:Darren_Rovell
104307126	WIKI:EN:Ross_Kemp
105270868	WIKI:EN:Redd
105270868	WIKI:EN:Can_Bonomo
105270868	WIKI:EN:Julie_Kedzie
105270868	WIKI:EN:Z-Ro
105270868	WIKI:EN:Paolo_Nutini
105270868	WIKI:EN:Lily_King
1048132836	WIKI:EN:Brit_Awards
1048132836	WIKI:EN:Joshua_Allen
1048132836	WIKI:EN:Ed_Sheeran
1048132836	WIKI:EN:Babolat
1048132836	WIKI:EN:MTV_News
1048132836	WIKI:EN:Yukari_Tamura
102481859	WIKI:EN:Solar_Sister
102481859	WIKI:EN:Ellen_DeGeneres
102481859	WIKI:EN:Shakira
102481859	WIKI:EN:TV_Guide
102481859	WIKI:EN:Colm_Cooper
102481859	WIKI:EN:Orianthi
100367661	WIKI:EN:Erkan_Can
100367661	WIKI:EN:Janelle_Arthur
100367661	WIKI:EN:Levent_Kazak
100367661	WIKI:EN:Harun_Tekin
100367661	WIKI:EN:Free_People
100367661	WIKI:EN:Magdalena_Frackowiak
105330342	WIKI:EN:Pierre_Balmain
105330342	WIKI:EN:Twitcam
105330342	WIKI:EN:Shay_Mitchell
105330342	WIKI:EN:Policy_Exchange
105330342	WIKI:EN:Mariana_Rios
105330342	WIKI:EN:The_Game_Awards
100853343	WIKI:EN:Stevie_Brown
100853343	WIKI:EN:Matthew_VanDyke
100853343	WIKI:EN:Mick_Foley
100853343	WIKI:EN:Shorty_Awards
100853343	WIKI:EN:Radioacktiva
100853343	WIKI:EN:TwitPic
104156615	WIKI:EN:The_Herald-Dispatch
104156615	WIKI:EN:Tom_Holland_(author)
104156615	WIKI:EN:Andy_Burrows
104156615	WIKI:EN:Warren_Sapp
104156615	WIKI:EN:Peter_Facinelli
104156615	WIKI:EN:JetBlue
104933275	WIKI:EN:Eric_Dane
104933275	WIKI:EN:Adela_Micha
104933275	WIKI:EN:Claudia_Fragapane
104933275	WIKI:EN:Fernando_Schwartz
104933275	WIKI:EN:Erin_Heatherton
104933275	WIKI:EN:TwitPic
1061120815	WIKI:EN:Zack_Snyder
1061120815	WIKI:EN:Smosh
1061120815	WIKI:EN:Logan_Leistikow
1061120815	WIKI:EN:Ubisoft
1061120815	WIKI:EN:Dennis_James
1061120815	WIKI:EN:Betraying_the_Martyrs
1035244034	WIKI:EN:Der_Postillon
1035244034	WIKI:EN:Bear_Grylls
1035244034	WIKI:EN:Amy_Guth
1035244034	WIKI:EN:Will_Mahoney
1035244034	WIKI:EN:RTP1
1035244034	WIKI:EN:Gamescom
103992679	WIKI:EN:Real_Madrid_C.F.
103992679	WIKI:EN:Jack_Skellington
103992679	WIKI:EN:Alex_Poythress
103992679	WIKI:EN:Cristiano_Ronaldo
103992679	WIKI:EN:Digital_Playground
103992679	WIKI:EN:Skrillex
102619395	WIKI:EN:RuPaul
102619395	WIKI:EN:Oliver_Thornton
102619395	WIKI:EN:Elle_Decor
102619395	WIKI:EN:Chilango
102619395	WIKI:EN:Carly_Booth
102619395	WIKI:EN:Myq_Kaplan
1004682006	WIKI:EN:Jaxson_de_Ville
1004682006	WIKI:EN:Fox_Sports_South
1004682006	WIKI:EN:Jaque
1004682006	WIKI:EN:Carla
1004682006	WIKI:EN:ERICA
1004682006	WIKI:EN:No_Sleep_Records
103405911	WIKI:EN:Vera_Farmiga
103405911	WIKI:EN:Marcelo_Adnet
103405911	WIKI:EN:Santander_Brasil
103405911	WIKI:EN:Kris_Carr
103405911	WIKI:EN:Ohio_State_Buckeyes
103405911	WIKI:EN:Julian_Casablancas
101153119	WIKI:EN:Phil_Plait
101153119	WIKI:EN:Jaime_Bayly
101153119	WIKI:EN:Vladdo
101153119	WIKI:EN:Mignon_Fogarty
101153119	WIKI:EN:YouTube
101153119	WIKI:EN:Taylor_York
102166227	WIKI:EN:Esther_Armah
102166227	WIKI:EN:Robby_Gordon
102166227	WIKI:EN:Rachel_Vincent
102166227	WIKI:EN:Paolo_Bediones
102166227	WIKI:EN:Larissa_Ione
102166227	WIKI:EN:Rachel_Caine
1032926671	WIKI:EN:Crown_Royal
1032926671	WIKI:EN:Justin_Bieber
1032926671	WIKI:EN:Kingdom_Hearts
1032926671	WIKI:EN:Carly_Rae_Jepsen
1032926671	WIKI:EN:Ahdaf_Soueif
1032926671	WIKI:EN:Zorman
104600554	WIKI:EN:Alison_Tyler
104600554	WIKI:EN:Armi_Millare
104600554	WIKI:EN:Peter_Mensah
104600554	WIKI:EN:Emma_Watson
104600554	WIKI:EN:Stana_Katic
104600554	WIKI:EN:Eduardo
1044280435	WIKI:EN:NTV_Spor
1044280435	WIKI:EN:Zaytung
1044280435	WIKI:EN:Cumhuriyet
1044280435	WIKI:EN:Andrea_Saul
1044280435	WIKI:EN:Daniel_Portman
1044280435	WIKI:EN:Sanjeev_Sanyal
1017794486	WIKI:EN:BBC_Mundo
1017794486	WIKI:EN:Dawnn_Lewis
1017794486	WIKI:EN:Tele13
1017794486	WIKI:EN:Norman_Reedus
1017794486	WIKI:EN:Karl_Pilkington
1017794486	WIKI:EN:Face_book
1060503840	WIKI:EN:Zak_Bagans
1060503840	WIKI:EN:Giorgio_A._Tsoukalos
1060503840	WIKI:EN:Jerry_Brown
1060503840	WIKI:EN:Taylor_Swift
1060503840	WIKI:EN:Francesco_Facchinetti
1060503840	WIKI:EN:Jonah_Hill
105841361	WIKI:EN:Jim_Beaver
105841361	WIKI:EN:ShoeDazzle
105841361	WIKI:EN:Britney_Spears
105841361	WIKI:EN:Janet_Jackson
105841361	WIKI:EN:9_Full_Moons
105841361	WIKI:EN:Felice_Herrig
102238504	WIKI:EN:Esteban_Arce
102238504	WIKI:EN:Drew_McIntyre
102238504	WIKI:EN:Ken_Harris
102238504	WIKI:EN:Sebastian_Vollmer
102238504	WIKI:EN:Adela_Micha
102238504	WIKI:EN:Carlos_Loret_de_Mola
1022448679	WIKI:EN:Justin_Bieber
1022448679	WIKI:EN:SoundCloud
1022448679	WIKI:EN:Instagram
1022448679	WIKI:EN:League_of_Legends
1022448679	WIKI:EN:Terri_Runnels
1022448679	WIKI:EN:Alex_Brooker
105106176	WIKI:EN:James_DeGale
105106176	WIKI:EN:Sarah_McLaughlin
105106176	WIKI:EN:Inhotim
105106176	WIKI:EN:CartaCapital
105106176	WIKI:EN:Estado_de_Minas
105106176	WIKI:EN:Mike_Davidson
1004113171	WIKI:EN:The_Weeknd
1004113171	WIKI:EN:Krayzie_Bone
1004113171	WIKI:EN:Layzie_Bone
1004113171	WIKI:EN:Sergei_Bobrovsky
1004113171	WIKI:EN:Alex_Mowatt
1004113171	WIKI:EN:Mick_LaSalle
101801943	WIKI:EN:Cassandra_Clare
101801943	WIKI:EN:Ed_Kashi
101801943	WIKI:EN:Shakira
101801943	WIKI:EN:J._K._Rowling
101801943	WIKI:EN:Ruby_Walsh
101801943	WIKI:EN:Alessia
103454079	WIKI:EN:FIFA
103454079	WIKI:EN:Cinemex
103454079	WIKI:EN:La_Liga
103454079	WIKI:EN:Ada_Derana
103454079	WIKI:EN:Jim_Smallman
103454079	WIKI:EN:Alex_Goot
1040331618	WIKI:EN:Valentino_Rossi
1040331618	WIKI:EN:Justin_Timberlake
1040331618	WIKI:EN:Alexia_Putellas
1040331618	WIKI:EN:Grand_Prix_motorcycle_racing
1040331618	WIKI:EN:Jane_Goldman
1040331618	WIKI:EN:Beth_Orton
1042408370	WIKI:EN:Alan_McDermott
1042408370	WIKI:EN:Terry_Tyler
1042408370	WIKI:EN:Bob_Atkinson
1042408370	WIKI:EN:Dolly_(magazine)
1042408370	WIKI:EN:Tyler_Polumbus
1042408370	WIKI:EN:Mahesh_Babu
101938507	WIKI:EN:Ted_Danson
101938507	WIKI:EN:Noodles_&amp;_Company
101938507	WIKI:EN:Politico
101938507	WIKI:EN:MoveOn.org
101938507	WIKI:EN:Taste_of_Home
101938507	WIKI:EN:VerticalResponse
1022621294	WIKI:EN:Megyn_Kelly
1022621294	WIKI:EN:Rachel_Shabi
1022621294	WIKI:EN:Thomas_Minns
1022621294	WIKI:EN:Eduardo_Spohr
1022621294	WIKI:EN:The_Wall_Street_Journal
1022621294	WIKI:EN:Kimberly_Guilfoyle
103561363	WIKI:EN:Jodie_Meeks
103561363	WIKI:EN:Neil_deGrasse_Tyson
103561363	WIKI:EN:Marques_Brownlee
103561363	WIKI:EN:Alex_M.O.R.P.H.
103561363	WIKI:EN:Doreen_Taylor
103561363	WIKI:EN:Elon_Musk
1024239650	WIKI:EN:Deepak_Chopra
1024239650	WIKI:EN:Lost_Gardens_of_Heligan
1024239650	WIKI:EN:The_Beatles
1024239650	WIKI:EN:Nini
1024239650	WIKI:EN:Chris
1024239650	WIKI:EN:Dalai_Lama
102484946	WIKI:EN:Real_Madrid_C.F.
102484946	WIKI:EN:Cristiano_Ronaldo
102484946	WIKI:EN:Real_Madrid_C.F.
102484946	WIKI:EN:ENom
102484946	WIKI:EN:Bonnie_Somerville
102484946	WIKI:EN:MAs
103337197	WIKI:EN:Carly_Booth
103337197	WIKI:EN:Demi_Lovato
103337197	WIKI:EN:Selena_Gomez
103337197	WIKI:EN:Dharma_Productions
103337197	WIKI:EN:Emma_Watson
103337197	WIKI:EN:Lady_Gaga
1006745869	WIKI:EN:Sunrise_Avenue
1006745869	WIKI:EN:Love_it!
1006745869	WIKI:EN:Shane_Filan
1006745869	WIKI:EN:Daryl_Reaugh
1006745869	WIKI:EN:Charlie_Sheen
1006745869	WIKI:EN:Gino_D'Acampo
102131599	WIKI:EN:Chilango
102131599	WIKI:EN:Marcelo_Claure
102131599	WIKI:EN:Diego_Luna
102131599	WIKI:EN:Dany_Saadia
102131599	WIKI:EN:Rob_Pike
102131599	WIKI:EN:India_Eisley
103797817	WIKI:EN:Lisa_Surihani
103797817	WIKI:EN:Scha_Al-Yahya
103797817	WIKI:EN:MTV_Southeast_Asia
103797817	WIKI:EN:Chris_Smalling
103797817	WIKI:EN:Nacho_Picasso
103797817	WIKI:EN:Fernando_Schwartz
105529855	WIKI:EN:Cheryl_Reeve
105529855	WIKI:EN:Rihanna
105529855	WIKI:EN:Luis_Fonsi
105529855	WIKI:EN:Carlotta_Ferlito
105529855	WIKI:EN:Shakira
105529855	WIKI:EN:Magic_Mike
103885155	WIKI:EN:Luke_McGregor
103885155	WIKI:EN:Chris_Cornell
103885155	WIKI:EN:SIG_Sauer
103885155	WIKI:EN:Kevin_Barr
103885155	WIKI:EN:Bill_Cosby
103885155	WIKI:EN:Warren_Sapp
104257253	WIKI:EN:XHOF-FM
104257253	WIKI:EN:Politico
104257253	WIKI:EN:Julieta_Venegas
104257253	WIKI:EN:Best_of_Friends
104257253	WIKI:EN:David_Lynch
104257253	WIKI:EN:Phil_X
1059078516	WIKI:EN:Dark_Regions_Press
1059078516	WIKI:EN:Michael_Bauman
1059078516	WIKI:EN:Louis_Tomlinson
1059078516	WIKI:EN:Little_Mix
1059078516	WIKI:EN:Niall_Horan
1059078516	WIKI:EN:St_David's_Hall
105174268	WIKI:EN:Pink_(singer)
105174268	WIKI:EN:Blog_del_Narco
105174268	WIKI:EN:Tom_Bradby
105174268	WIKI:EN:Tegan_and_Sara
105174268	WIKI:EN:Body_art
105174268	WIKI:EN:Ben_Swift
1016147888	WIKI:EN:Damien_Rice
1016147888	WIKI:EN:Philipp
1016147888	WIKI:EN:Harper's_Bazaar
1016147888	WIKI:EN:Telva
1016147888	WIKI:EN:WSOC-TV
1016147888	WIKI:EN:Beatriz
1053723427	WIKI:EN:Paramore
1053723427	WIKI:EN:Cory_Monteith
1053723427	WIKI:EN:Isabel_Marant
1053723427	WIKI:EN:Mayo_Clinic
1053723427	WIKI:EN:Cara_Delevingne
1053723427	WIKI:EN:Michelle_Gomez
1030876123	WIKI:EN:Gail_Kasper
1030876123	WIKI:EN:Armin_van_Buuren
1030876123	WIKI:EN:Lykke_Li
1030876123	WIKI:EN:Eurogamer
1030876123	WIKI:EN:Infected_Mushroom
1030876123	WIKI:EN:HootSuite
105198211	WIKI:EN:FC_Barcelona
105198211	WIKI:EN:Chris
105198211	WIKI:EN:David_Bisbal
105198211	WIKI:EN:LaRoyce_Hawkins
105198211	WIKI:EN:Bina_Shah
105198211	WIKI:EN:Shakira
1037446747	WIKI:EN:Ruggero_Pasquarelli
1037446747	WIKI:EN:Refinery29
1037446747	WIKI:EN:Las_Vegas_51s
1037446747	WIKI:EN:Keri-Anne_Payne
1037446747	WIKI:EN:Justin_Bieber
1037446747	WIKI:EN:Lodovica_Comello
1031647746	WIKI:EN:Stuart_Goldsmith
1031647746	WIKI:EN:SportsCenter
1031647746	WIKI:EN:The_Rugby_Championship
1031647746	WIKI:EN:Total_Bellas
1031647746	WIKI:EN:Alireza
1031647746	WIKI:EN:Instagram
103724029	WIKI:EN:Coldplay
103724029	WIKI:EN:Brooke_Anderson
103724029	WIKI:EN:Twitter
103724029	WIKI:EN:Cin�polis
103724029	WIKI:EN:David_Steinman
103724029	WIKI:EN:Simon_Kinberg
100329389	WIKI:EN:James_Hibberd
100329389	WIKI:EN:Lansing_Lugnuts
100329389	WIKI:EN:Michelle_Rodriguez
100329389	WIKI:EN:Juanes
100329389	WIKI:EN:Troy_Aikman
100329389	WIKI:EN:Julieta_Venegas
101137918	WIKI:EN:Google
101137918	WIKI:EN:Oscar_the_Grouch
101137918	WIKI:EN:City_Pages
101137918	WIKI:EN:Owen_King
101137918	WIKI:EN:Michael_Franti
101137918	WIKI:EN:Meka
101402200	WIKI:EN:OMGPop
101402200	WIKI:EN:Denene_Millner
101402200	WIKI:EN:Irwansyah
101402200	WIKI:EN:Hank_Green
101402200	WIKI:EN:Katie_Rogers
101402200	WIKI:EN:Conan_O'Brien
1035284948	WIKI:EN:Keith_Barker
1035284948	WIKI:EN:Child_of_God
1035284948	WIKI:EN:Defeater
1035284948	WIKI:EN:Alberto_Angela
1035284948	WIKI:EN:Travis_Barker
1035284948	WIKI:EN:Citizen_(band)
101201281	WIKI:EN:Zapeando
101201281	WIKI:EN:Jamie_Lynn_Spears
101201281	WIKI:EN:Gail_Simone
101201281	WIKI:EN:D'Masiv
101201281	WIKI:EN:Britney_Spears
101201281	WIKI:EN:Planned_Parenthood
1035120564	WIKI:EN:Angelica_Panganiban
1035120564	WIKI:EN:Royal_Botanic_Garden_Edinburgh
1035120564	WIKI:EN:Katy_Perry
1035120564	WIKI:EN:Arnaldo_Ribeiro
1035120564	WIKI:EN:Xian_Lim
1035120564	WIKI:EN:Trae_Waynes
1036966026	WIKI:EN:Baltimore_City_Paper
1036966026	WIKI:EN:Josh_Hutcherson
1036966026	WIKI:EN:Jonathan_Head
1036966026	WIKI:EN:Tim_Cone
1036966026	WIKI:EN:Sam_Claflin
1036966026	WIKI:EN:Ed_Sheeran
102888427	WIKI:EN:Dalai_Lama
102888427	WIKI:EN:Thibaut_Courtois
102888427	WIKI:EN:Rickey_Smiley
102888427	WIKI:EN:Jonah_Hill
102888427	WIKI:EN:Dexter_Roberts
102888427	WIKI:EN:Pink_(singer)
1041593366	WIKI:EN:The_Orange_Peel
1041593366	WIKI:EN:.at
1041593366	WIKI:EN:Sam_Khalifa
1041593366	WIKI:EN:Gordon_Edes
1041593366	WIKI:EN:Mo_Rocca
1041593366	WIKI:EN:Cara_Delevingne
105592288	WIKI:EN:Jae-kyung
105592288	WIKI:EN:Conor_McNamara
105592288	WIKI:EN:Sue_Vertue
105592288	WIKI:EN:Vazquez_Sounds
105592288	WIKI:EN:CNN
105592288	WIKI:EN:Carla_Morrison
10432162	WIKI:EN:Google
10432162	WIKI:EN:Charles_Kelley
10432162	WIKI:EN:HostGator
10432162	WIKI:EN:J._K._Rowling
10432162	WIKI:EN:Emily_Head
10432162	WIKI:EN:Jarrett_Payton
